rank,artist,song,year
1,Faith Hill,Breathe,2000
2,Santana feat. Rob Thomas,Smooth,2000
3,Santana feat. The Product GandB,Maria Maria,2000
4,Joe,I Wanna Know,2000
5,Vertical Horizon,Everything You Want,2000
6,Destiny’s Child,Say My Name,2000
7,Savage Garden,I Knew I Loved You,2000
8,Lonestar,Amazed,2000
9,matchbox twenty,Bent,2000
10,Toni Braxton,He Wasn’t Man Enough,2000
11,Creed,Higher,2000
12,Aaliyah,Try Again,2000
13,Destiny’s Child,Jumpin Jumpin’,2000
14,Sisqo,Thong Song,2000
15,3 Doors Down,Kryptonite,2000
16,Pink,There You Go,2000
17,Madonna,Music,2000
18,Janet,Doesn’t Really Matter,2000
19,Christina Aguilera,What A Girl Wants,2000
20,Brian McKnight,Back At One,2000
21,‘N Sync,Bye Bye Bye,2000
22,Marc Anthony,You Sang To Me,2000
23,Marc Anthony,I Need To Know,2000
24,Montell Jordan,Get It On Tonite,2000
25,Sisqo,Incomplete,2000
26,Macy Gray,I Try,2000
27,‘N Sync,It’s Gonna Be Me,2000
28,Celine Dion,That’s The Way It Is,2000
29,Nelly,(Hot S**T) Country Grammar,2000
30,Blaque,Bring It All To Me,2000
31,Backstreet Boys,Show Me The Meaning Of Being Lonely,2000
32,"Missy Elliott feat. Nas, EVE and Q-Tip",Hot Boyz,2000
33,BBMak,Back Here,2000
34,Sonique,It Feels So Good,2000
35,Nine Days,Absolutely (Story Of A Girl),2000
36,Creed,With Arms Wide Open,2000
37,Enrique Iglesias,Be With You,2000
38,Christina Aguilera,Come On Over Baby (All I Want Is You),2000
39,Ruff Endz,No More,2000
40,Blink 182,All The Small Things,2000
41,Faith Hill,The Way You Love Me,2000
42,Christina Aguilera,I Turn To You,2000
43,Third Eye Blind,Never Let You Go,2000
44,LeAnn Rimes,I Need You,2000
45,Mariah Carey feat. Joe and 98 Degrees,Thank God I Found You,2000
46,Jagged Edge,Let’s Get Married,2000
47,Whitney Houston,My Love Is Your Love,2000
48,Smash Mouth,Then The Morning Comes,2000
49,iffel 65,Blue (Da Ba Dee),2000
50,Sting feat. Cheb Mami,Desert Rose,2000
51,Eminem,The Real Slim Shady,2000
52,Pink,Most Girls,2000
53,Next,Wifey,2000
54,Everclear,Wonderful,2000
55,Britney Spears,Oops!… I Did It Again,2000
56,Jessica Simpson,I Wanna Love You Forever,2000
57,98 Degrees,Give Me Just One Night (Una Noche ),2000
58,Filter,Take A Picture,2000
59,Red Hot Chili Peppers,Otherside,2000
60,Jay-Z feat. UGK,Big Pimpin’,2000
61,Son By Four,Purest Of Pain (A Puro Dolor),2000
62,Jagged Edge,He Can’t Love U,2000
63,Avant,Separated,2000
64,Carl Thomas,I Wish,2000
65,Donell Jones,U Know What’s Up,2000
66,SoulDecision feat. Thrust,Faded,2000
67,Kid Rock,Only God Knows Why,2000
68,Mystikal,Shake Ya Ass,2000
69,Erykah Badu,Bag Lady,2000
70,Train,Meet Virginia,2000
71,DMX,Party Up (Up In Here),2000
72,Mya,Case Of The Ex (Whatcha Gonna Do),2000
73,Dr. Dre feat. Eminem,Forget About Dre,2000
74,Jo Dee Messina,That’s The Way,2000
75,Westlife,Swear It Again,2000
76,Dr. Dre feat. Snoop Dogg,The Next Episode,2000
77,Britney Spears,From The Bottom Of My Broken Heart,2000
78,Savage Garden,Crash And Burn,2000
79,Chad Brock,Yes!,2000
80,George Strait,The Best Day,2000
81,Donell Jones,Where I Wanna Be,2000
82,Toby Keith,How Do You Like Me Now?!,2000
83,Tim McGraw,My Best Friend,2000
84,Goo Goo Dolls,Broadway,2000
85,Da Brat feat. Tyrese,What’chu Like,2000
86,Kandi,Don’t Think I’m Not,2000
87,Lee Ann Womack and Sons Of The Desert,I Hope You Dance,2000
88,Alice Deejay,Better Off Alone,2000
89,Debelah Morgan,Dance With Me,2000
90,Lonestar,What About Now,2000
91,Sammie,I Like It,2000
92,Kevon Edmonds,24/7,2000
93,LFO,Girl On TV,2000
94,Lil Bow Wow feat. Xscape,Bounce With Me,2000
95,Dixie Chicks,Cowboy Take Me Away,2000
96,Aaliyah,I Don’t Wanna,2000
97,Destiny’s Child,Independent Women Part I,2000
98,Samantha Mumba,Gotta Tell You,2000
99,Jennifer Lopez,Waiting For Tonight,2000
100,Mary Mary,Shackles (Praise You),2000
1,Lifehouse,Hanging By A Moment,2001
2,Alicia Keys,Fallin’,2001
3,Janet,All For You,2001
4,Train,Drops Of Jupiter (Tell Me),2001
5,Jennifer Lopez feat. Ja Rule,I’m Real,2001
6,matchbox twenty,If You’re Gone,2001
7,Eve feat. Gwen Stefani,Let Me Blow Ya Mind,2001
8,Dido,Thank You,2001
9,Lenny Kravitz,Again,2001
10,Destiny’s Child,Independent Women Part I,2001
11,Blu Cantrell,Hit ‘Em Up Style (Oops!),2001
12,Shaggy feat. Ricardo “RikRok” Ducent,It Wasn’t Me,2001
13,Joe feat. Mystikal,Stutter,2001
14,Staind,It’s Been Awhile,2001
15,Usher,U Remind Me,2001
16,Jagged Edge With Nelly,Where The Party At,2001
17,Shaggy feat. Rayvon,Angel,2001
18,Nelly feat. City Spud,Ride Wit Me,2001
19,Uncle Kracker,Follow Me,2001
20,112,Peaches & Cream,2001
21,Incubus,Drive,2001
22,City High,What Would You Do?,2001
23,Destiny’s Child,Survivor,2001
24,"Christina Aguilera, Lil’ Kim, Mya and Pink",Lady Marmalade,2001
25,Outkast,Ms. Jackson,2001
26,Jennifer Lopez,Love Don’t Cost A Thing,2001
27,Faith Hill,The Way You Love Me,2001
28,Dream,He Loves U Not,2001
29,Crazy Town,Butterfly,2001
30,Ja Rule feat. Lil’ Mo and Vita,Put It On Me,2001
31,Mary J. Blige,Family Affair,2001
32,Lee Ann Womack and Sons Of The Desert,I Hope You Dance,2001
33,Moby feat. Gwen Stefani,South Side,2001
34,Madonna,Don’t Tell Me,2001
35,Missy “Misdemeanor” Elliott,Get Ur Freak On,2001
36,K-Ci and JoJo,Crazy,2001
37,Craig David,Fill Me In,2001
38,Janet,Someone To Call My Lover,2001
39,Creed,With Arms Wide Open,2001
40,Mya,Case Of The Ex (Whatcha Gonna Do),2001
41,O-Town,All Or Nothing,2001
42,Destiny’s Child,Bootylicious,2001
43,Nelly Furtado,I’m Like A Bird,2001
44,3 Doors Down,Kryptonite,2001
45,R. Kelly feat. Jay-Z,Fiesta,2001
46,Sugar Ray,When It’s Over,2001
47,Aerosmith,Jaded,2001
48,Jagged Edge,Promise,2001
49,Case,Missing You,2001
50,Ginuwine,Differences,2001
51,‘N Sync,This I Promise You,2001
52,Jay-Z,Izzo (H.O.V.A.),2001
53,Lil’ Mo feat. Fabolous,Superwoman Pt. II,2001
54,Evan And Jaron,Crazy For This Girl,2001
55,Ricky Martin and Christina Aguilera,Nobody Wants To Be Lonely,2001
56,Jay-Z,I Just Wanna Love U (Give It 2 Me),2001
57,Missy “Misdemeanor” Elliott,One Minute Man,2001
58,Mystikal feat. Nivea,Danger (Been So Long),2001
59,Enya,Only Time,2001
60,Toya,I Do!!,2001
61,S Club 7,Never Had A Dream Come True,2001
62,Tamia,Stranger In My House,2001
63,Jessica Simpson,Irresistible,2001
64,Sunshine Anderson,Heard It All Before,2001
65,Dave Matthews Band,The Space Between,2001
66,Faith Hill,There You’ll Be,2001
67,Musiq Soulchild,Love,2001
68,112,It’s Over Now,2001
69,3LW,No More (Baby I’ma Do Right),2001
70,Nelly Furtado,Turn Off The Light,2001
71,Brooks and Dunn,Ain’t Nothing `Bout You,2001
72,Jennifer Lopez,Play,2001
73,Lonestar,I’m Already There,2001
74,Lil’ Romeo,My Baby,2001
75,U2,Beautiful Day,2001
76,Blake Shelton,Austin,2001
77,Ludacris,Southern Hospitality,2001
78,Tim McGraw,Grown Men Don’t Cry,2001
79,Ja Rule feat. Case,Livin’ It Up,2001
80,Mariah Carey feat. Cameo,Loverboy,2001
81,Isley Brothers feat. Ronald Isley AKA Mr. Biggs,Contagious,2001
82,Jessica Andrews,Who I Am,2001
83,Erick Sermon feat. Marvin Gaye,Music,2001
84,Willa Ford,I Wanna Be Bad,2001
85,Kenny Chesney,Don’t Happen Twice,2001
86,Diamond Rio,One More Day,2001
87,R. Kelly,I Wish,2001
88,Travis Tritt,It’s A Great Day To Be Alive,2001
89,Trick Daddy,I’m A Thug,2001
90,Eve 6,Here’s To The Night,2001
91,Toby Keith,You Shouldn’t Kiss Me Like This,2001
92,Eden’s Crush,Get Over Yourself,2001
93,Debelah Morgan,Dance With Me,2001
94,Outkast,"So Fresh, So Clean",2001
95,Nelly,E.I.,2001
96,3 Doors Down,Be Like That,2001
97,Pink,Most Girls,2001
98,QB’s Finest feat. Nas and Braveheart’s,Oochie Wally,2001
99,Enrique Iglesias,Hero,2001
100,Fuel,Hemorrhage (In My Hands),2001
1,Nickelback,How Your Remind Me,2002
2,Ashanti,Foolish,2002
3,Nelly,Hot in Herre,2002
4,Nelly feat. Kelly Rowland,Dilemma,2002
5,The Calling,Wherever you Will Go,2002
6,Vanessa Carlton,A Thousand Miles,2002
7,Linkin Park,In the End,2002
8,Fat Joe feat. Ashanti,What’s Luv?,2002
9,Usher,U Got it Bad,2002
10,Puddle Of Mudd,Blurry,2002
11,Avril Lavigne,Complicated,2002
12,Ja Rule feat. Ashanti,Always on Time,2002
13,Jennifer Lopez feat. Ja Rule,Ain’t it Funny,2002
14,Jimmy Eat World,The Middle,2002
15,P. Diddy feat. Usher and Loon,I Need a Girl (Part One),2002
16,Usher,U Don’t have to Call,2002
17,Mary J. Blige,Family Affair,2002
18,"P. Diddy and Ginuwine feat. Loon, Mario Winans and Tammy Ruggeri",I Need a Girl (Part Two),2002
19,Eve feat. Alicia Keys,Gangsta Lovin’,2002
20,Creed,My Sacrifice,2002
21,Eminem,Without Me,2002
22,Enrique Iglesias,Hero,2002
23,Michelle Branch,All You Wanted,2002
24,Pink,Get the Party Started,2002
25,Chad Kroeger feat. Josey Scott,Hero,2002
26,Default,Wasting My Time,2002
27,Creed,One Last Breath,2002
28,Shakira,"Whenever, Wherever",2002
29,Jennifer Lopez feat. Nas,I’m Gonna Be Alright,2002
30,Cam’ron feat. Juelz Santana,Oh Boy,2002
31,DJ Sammy and Yanou feat. Do,Heaven,2002
32,No Doubt feat. Bounty Killer,Hey Baby,2002
33,‘N Sync feat. Nelly,Girlfriend,2002
34,Mario,Just a Friend 2002,2002
35,Sheryl Crow,Soak up the Sun,2002
36,Pink,Don’t Let Me Get Me,2002
37,N.O.R.E.,Nothin’,2002
38,Tweet,Oops (Oh My),2002
39,Kelly Clarkson,A Moment Like This,2002
40,Truth Hurts feat. Rakim,Addictive,2002
41,Ashanti,Happy,2002
42,John Mayer,No Such Thing,2002
43,Pink,Just Like a Pill,2002
44,"Irv Gotti Presents The Inc. feat. Ja Rule, Ashanti, Charli Baltimore and Vita",Down 4 U,2002
45,Kylie Minogue,Can’t Get You Out Of My Head,2002
46,Five For Fighting,Superman (It’s not Easy),2002
47,Eminem,Cleanin’ out my Closet,2002
48,Musiq,Halfcrazy,2002
49,Mr. Cheeks,"Lights, Camera, Action!",2002
50,Big Tymers,Still Fly,2002
51,Alicia Keys,A Woman’s Worth,2002
52,Craig David,7 Days,2002
53,"Cam’ron feat. Juelz Santana, Freekey Zekey and Toya",Hey Ma,2002
54,Missy “Misdemeanor” Elliott,Work It,2002
55,Ludacris feat. Mystikal and Infamous 2.0,Move Bitch,2002
56,LeAnn Rimes,Can’t Fight the Moonlight,2002
57,Enrique Iglesias,Escape,2002
58,Aaliyah,More than a Woman,2002
59,No Doubt,Hello Good,2002
60,Faith Evans,I Love You,2002
61,Daniel Bedingfield,Gotta Get Thru This,2002
62,Busta Rhymes feat. P. Diddy and Pharrell,Pass the Courvoisier Part II,2002
63,Eminem,Lose Yourself,2002
64,Michael Jackson,Butterflies,2002
65,Brandy,What About Us?,2002
66,Shakira,Underneath your Clothes,2002
67,Mary J. Blige feat. Ja Rule,Rainy Dayz,2002
68,Ginuwine,Differences,2002
69,Angie Martinez feat. Lil’ Mo and Sacario,If I could Go!,2002
70,OutKast feat. Killer Mike,The Whole World,2002
71,No Doubt feat. Lady Saw,Underneath it All,2002
72,City High feat. Eve,Caramel,2002
73,LL Cool J,Luv U Better,2002
74,Sean Paul,Gimme the Light,2002
75,‘N Sync,Gone,2002
76,Ja Rule feat. Case,Livin’ it Up,2002
77,Ludacris,Roll Out (My Business),2002
78,Goo Goo Dolls,Here is Gone,2002
79,Mary J. Blige,No More Drama,2002
80,Dirty Vegas,Days go By,2002
81,Ashanti,Baby,2002
82,Kenny Chesney,The Good Stuff,2002
83,Fat Joe feat. R. Kelly,We Thuggin’,2002
84,Steve Holy,Good Morning Beautiful,2002
85,Aaliyah,Rock the Boat,2002
86,Alan Jackson,Drive (For Daddy Gene),2002
87,Jewel,Standing Still,2002
88,Jaheim feat. Next,Anything,2002
89,Brandy,Full Moon,2002
90,B2K,Uh Huh,2002
91,Celine Dion,A New Day has Come,2002
92,Nelly Furtado,Turn Off the Light,2002
93,George Strait,Living and Living Well,2002
94,Toby Keith,My List,2002
95,Alanis Morissette,Hands Clean,2002
96,Avril Lavigne,Sk8er Boi,2002
97,Dixie Chicks,Long Time Gone,2002
98,Alan Jackson,Where Were You (When the World Stopped Turning),2002
99,Justin Timberlake,Like I Love You,2002
100,Toya,I Do!!,2002
1,50 Cent,In Da Club,2003
2,R. Kelly,Ignition,2003
3,Sean Paul,Get Busy,2003
4,Beyonce feat. Jay-Z,Crazy in Love,2003
5,3 Doors Down,When I’m Gone,2003
6,matchbox twenty,Unwell,2003
7,Chingy,Right Thurr,2003
8,Aaliyah,Miss You,2003
9,Kid Rock feat. Sheryl Crow,Picture,2003
10,Evanescence feat. Paul McCoy,Bring me to Life,2003
11,Lil Jon and The East Side Boyz feat. Ying Yang Twins,Get Low,2003
12,Beyonce feat. Sean Paul,Baby Boy,2003
13,"Nelly, P. Diddy and Murphy Lee",Shake ya Tailfeather,2003
14,50 Cent feat. Nate Dogg,21 Questions,2003
15,Jennifer Lopez feat. LL Cool J,All I Have,2003
16,Christina Aguilera,Beautiful,2003
17,Busta Rhymes and Mariah Carey feat. The Flipmode Squad,I Know what you Want,2003
18,Avril Lavigne,I’m with You,2003
19,Uncle Kracker feat. Dobie Gray,Drift Away,2003
20,Lil’ Kim feat. 50 Cent,Magic Stick,2003
21,50 Cent,P.I.M.P.,2003
22,B2K and P. Diddy,"Bump, Bump, Bump",2003
23,Fabolous feat. Tamia Or Ashanti,Into You,2003
24,Fabolous feat. Mike Shorey and Lil’ Mo,Can’t let you Go,2003
25,Ja Rule feat. Ashanti,Mesmerize,2003
26,Black Eyed Peas,Where is the Love?,2003
27,Santana feat. Michelle Branch,The Game of Love,2003
28,Eminem,Lose Yourself,2003
29,Ashanti,Rock wit U (Awww Baby),2003
30,Justin Timberlake,Cry me a River,2003
31,Tyrese,How you Gonna Act Like That,2003
32,Justin Timberlake,Rock your Body,2003
33,Wayne Wonder,No Letting Go,2003
34,Pharrell feat. Jay-Z,Frontin’,2003
35,Dixie Chicks,Landslide,2003
36,Missy “Misdemeanor” Elliott,Work It,2003
37,Jay-Z feat. Beyonce Knowles,’03 Bonnie & Clyde,2003
38,Nivea feat. Brian and Brandon Casey,Don’t Mess with my Man,2003
39,Monica,So Gone,2003
40,"Nelly feat. Kyjuan, Ali and Murphy Lee",Air Force Ones,2003
41,Lumidee,"Never Leave You – Uh Ooh, Uh Oooh!",2003
42,Snoop Dogg feat. Pharrell and Uncle Charlie Wilson,Beautiful,2003
43,Missy “Misdemeanor” Elliott feat. Ludacris,Gossip Folks,2003
44,Kelly Clarkson,Miss Independent,2003
45,Train,Calling All Angels,2003
46,YoungBloodZ feat. Lil Jon,Damn!,2003
47,Clay Aiken,This is the Night,2003
48,John Mayer,Your Body is a Wonderland,2003
49,Trapt,Headstrong,2003
50,Ginuwine,In those Jeans,2003
51,Ludacris feat. Shawnna,Stand Up,2003
52,Jason Mraz,The Remedy (I won’t Worry),2003
53,Santana feat. Alex Band Or Chad Kroeger,Why Don’t You & I,2003
54,Jay-Z,Excuse Me Miss,2003
55,Jennifer Lopez feat. Styles and Jadakiss,Jenny from the Block,2003
56,Michelle Branch,Are you Happy Now?,2003
57,Shania Twain,Forever and for Always,2003
58,Nas,I Can,2003
59,No Doubt feat. Lady Saw,Underneath it All,2003
60,Daniel Bedingfield,If you’re not the One,2003
61,R. Kelly,Thoia Thoing,2003
62,3 Doors Down,Here without You,2003
63,50 Cent,Wanksta,2003
64,Mya,My Love is Like… Wo,2003
65,Alan Jackson and Jimmy Buffett,It’s Five O’Clock Somewhere,2003
66,Sean Paul,Like Glue,2003
67,Christina Aguilera feat. Lil’ Kim,Can’t Hold us Down,2003
68,Lonestar,My Front Porch Looking In,2003
69,Amanda Perez,Angel,2003
70,Puddle Of Mudd,She Hates Me,2003
71,Frankie J,Don’t Wanna Try,2003
72,Lil’ Kim feat. Mr. Cheeks,The Jump Off,2003
73,Jewel,Intuition,2003
74,Ginuwine feat. Baby,Hell Yeah,2003
75,Toby Keith Duet With Willie Nelson,Beer for my Horses,2003
76,Chingy feat. Ludacris and Snoop Dogg,Holidae In,2003
77,Baby Bash feat. Frankie J,Suga Suga,2003
78,Erykah Badu feat. Common,Love of my Life (An Ode to Hip Hop),2003
79,Christina Aguilera,Fighter,2003
80,2Pac,Thugz Mansion,2003
81,Coldplay,Clocks,2003
82,Jaheim,Put that Woman First,2003
83,Ashanti,Rain on Me,2003
84,Mark Wills,19 Somethin’,2003
85,Young Gunz,"Can’t Stop, Won’t Stop",2003
86,Brooks and Dunn,Red Dirt Road,2003
87,Dierks Bentley,What was I Thinkin’,2003
88,Ruben Studdard,Flying without Wings,2003
89,Eminem,Sing for the Moment,2003
90,Darryl Worley,Have you Forgotten?,2003
91,Kenny Chesney,"No Shoes, No Shirt, No Problems",2003
92,Aaliyah,Come Over,2003
93,Field Mob,Sick of Being Lonely,2003
94,R. Kelly,Step in the Name of Love,2003
95,Thalia feat. Fat Joe,I Want You,2003
96,Audioslave,Like a Stone,2003
97,Norah Jones,Don’t know Why,2003
98,Eminem,Superman,2003
99,Tim McGraw,Real Good Man,2003
100,Floetry,Say Yes,2003
1,Usher feat. Lil Jon and Ludacris,Yeah!,2004
2,Usher,Burn,2004
3,Alicia Keys,If I Ain’t Got You,2004
4,Maroon5,This Love,2004
5,OutKast feat. Sleepy Brown,The Way You Move,2004
6,Hoobastank,The Reason,2004
7,Mario Winans feat. Enya and P. Diddy,I Don’t Wanna Know,2004
8,OutKast,Hey Ya!,2004
9,Ciara feat. Petey Pablo,Goodies,2004
10,Terror Squad,Lean Back,2004
11,J-Kwon,Tipsy,2004
12,Usher,Confessions Part II,2004
13,Juvenile feat. Soulja Slim,Slow Motion,2004
14,Petey Pablo,Freek-a-Leek,2004
15,3 Doors Down,Here Without You,2004
16,Twista feat. Kanye West and Jamie Foxx,Slow Jamz,2004
17,Nickelback,Someday,2004
18,Beyonce,Naughty Girl,2004
19,Evanescence,My Immortal,2004
20,Lil’ Flip feat. Lea,Sunshine,2004
21,Jay-Z,Dirt Off Your Shoulder,2004
22,Nina Sky feat. Jabba,Move Ya Body,2004
23,Christina Milian,Dip It Low,2004
24,Usher And Alicia Keys,My Boo,2004
25,Chingy feat. J. Weav,One Call Away,2004
26,Beyonce,"Me, Myself, and I",2004
27,Kevin Lyttle feat. Spragga Benz,Turn Me On,2004
28,Sheryl Crow,The First Cut Is The Deepest,2004
29,Alicia Keys,You Don’t Know My Name,2004
30,Nelly feat. Jaheim,My Place,2004
31,Twista,Overnight Celebrity,2004
32,Cassidy feat. R. Kelly,Hotel,2004
33,Linkin Park,Numb,2004
34,Alicia Keys feat. Tony! Toni! Tone!,Diary,2004
35,Maroon 5,She Will be Loved,2004
36,Dido,White Flag,2004
37,Los Lonely Boys,Heaven,2004
38,No Doubt,It’s My Life,2004
39,Ashlee Simpson,Pieces of Me,2004
40,JoJo,Leave (Get Out),2004
41,Kelis,Milkshake,2004
42,Ludacris,Splash Waterfalls,2004
43,Kanye West,Jesus Walks,2004
44,Akon feat. Styles P.,Locked Up,2004
45,Ludacris feat. Shawnna,Stand Up,2004
46,Baby Bash feat. Frankie J,Suga Suga,2004
47,Kanye West feat. Syleena Johnson,All Falls Down,2004
48,Britney Spears,Toxic,2004
49,Ying Yang Twins feat. Lil Jon and The East Side Boyz,Salt Shaker,2004
50,Jessica Simpson,With You,2004
51,Switchfoot,Meant to Live,2004
52,"Houston feat. Chingy, Nate Dogg and I-20",I Like That,2004
53,Ruben Studdard,Sorry 2004,2004
54,Avril Lavigne,My Happy Ending,2004
55,Lloyd Banks,On Fire,2004
56,OutKast,Roses,2004
57,Jagged Edge,Walker outta Heaven,2004
58,Destiny’s Child,Lose My Breath,2004
59,D12,My Band,2004
60,Sean Paul feat. Sasha,I’m Still in Love with You,2004
61,Kanye West,Through the Wire,2004
62,Jadakiss feat. Anthony Hamilton,Why?,2004
63,Eamon,F**k It (I Don’t Want you Back),2004
64,Avant,Read your Mind,2004
65,Lil’ Flip,Game Over (Flip),2004
66,Finger Eleven,One Thing,2004
67,LL Cool J,Headsprung,2004
68,YoungBloodZ feat. Lil Jon,Damn!,2004
69,Beyonce feat. Sean Paul,Baby Boy,2004
70,Lil Jon and The East Side Boyz feat. Ying Yang Twins,Get Low,2004
71,Snoop Dogg feat. Pharrell,Drop it Like it’s Hot,2004
72,Monica,U Should’ve Known Better,2004
73,Ryan Cabrera,On the Way Down,2004
74,Kelly Clarkson,Breakaway,2004
75,Santana feat. Alex Band Or Chad Kroeger,Why Don’t you & I,2004
76,Jet,Are You Gonna Be My Girl,2004
77,Five For Fighting,100 Years,2004
78,R. Kelly,Step In The Name Of Love,2004
79,Linkin Park,Breaking the Habit,2004
80,Nick Cannon feat. R. Kelly,Gigolo,2004
81,Tim McGraw,Live Like You Were Dying,2004
82,Alan Jackson,Remember When,2004
83,Britney Spears,Everytime,2004
84,Lloyd feat. Ashanti,Southside,2004
85,Beenie Man feat. Ms. Thing,Dude,2004
86,G-Unit feat. Joe,Wanna Get To Know You,2004
87,Chingy feat. Ludacris and Snoop Dogg,Holidae In,2004
88,Black Eyed Peas,Let’s Get It Started,2004
89,Kenny Chesney and Uncle Kracker,When the Sun Goes Down,2004
90,Toby Keith,American Soldier,2004
91,Jay-Z,Change Clothes,2004
92,Avril Lavigne,Don’t Tell Me,2004
93,Keith Urban,You’ll Think of Me,2004
94,R. Kelly,Happy People,2004
95,Black Eyed Peas,Hey Mama,2004
96,Nelly feat. Tim McGraw,Over and Over,2004
97,Gretchen Wilson,Redneck Woman,2004
98,Eminem,Just Lose It,2004
99,John Michael Montgomery,Letters from Home,2004
100,Kenny Chesney,I Go Back,2004
1,Mariah Carey,We Belong Together,2005
2,Gwen Stefani,Hollaback Girl,2005
3,Mario,Let Me Love You,2005
4,Kelly Clarkson,Since U Been Gone,2005
5,Ciara feat. Missy Elliott,"1, 2 Step",2005
6,Kanye West feat. Jamie Foxx,Gold Digger,2005
7,Green Day,Boulevard of Broken Dreams,2005
8,50 Cent feat. Olivia,Candy Shop,2005
9,The Pussycat Dolls feat. Busta Rhymes,Don’t Cha,2005
10,Kelly Clarkson,Behind These Hazel Eyes,2005
11,50 Cent,Disco Inferno,2005
12,Lifehouse,You and Me,2005
13,The Black Eyed Peas,Don’t Phunk With My Heart,2005
14,Missy Elliott feat. Ciara and Fat Man Scoop,Lose Control,2005
15,Mariah Carey,Shake it Off,2005
16,The Killers,Mr. Brightside,2005
17,50 Cent,Just a Lil Bit,2005
18,Rihanna,Pon de Replay,2005
19,The Game feat. 50 Cent,How We Do,2005
20,Weezer,Beverly Hills,2005
21,Ciara feat. Ludacris,Oh,2005
22,Rob Thomas,Lonely No More,2005
23,Snoop Dogg feat. Pharrell,Drop it Like It’s Hot,2005
24,The Game feat. 50 Cent,Hate It or Love It,2005
25,Lil Jon and The East Side Boyz feat. Usher and Ludacris,Lovers and Friends,2005
26,Destiny’s Child feat. T.I. and Lil Wayne,Soldier,2005
27,Kelly Clarkson,Breakaway,2005
28,Will Smith,Switch,2005
29,Bow Wow feat. Omarion,Let Me HOld You,2005
30,Bow Wow feat. Ciara,Like You,2005
31,Gwen Stefani feat. Eve,Rich Girl,2005
32,The Black Eyed Peas,My Humps,2005
33,Frankie J feat. Baby Bash,Obsession (No Es Amor),2005
34,Usher,Caught Up,2005
35,D.H.T.,Listen to your Heart,2005
36,Papa Roach,Scars,2005
37,Gorillaz,Feel Good Inc,2005
38,3 Doors Down,Let Me Go,2005
39,Green Day,Holiday,2005
40,Fall Out Boy,"Sugar, we’re Goin’ Down",2005
41,Pretty Ricky,Grind With Me,2005
42,Chris Brown,Run It!,2005
43,Nickelback,Photograph,2005
44,Akon,Lonely,2005
45,Howie Day,Collide,2005
46,Green Day,Wake Me up When September Ends,2005
47,Bobby Valentino,Slow Down,2005
48,Nelly feat. Tim McGraw,Over and Over,2005
49,Trillville feat. Cutty,Some Cut,2005
50,Fat Joe feat. Nelly,Get it Poppin’,2005
51,David Banner,Play,2005
52,Young Jeezy feat. Akon,Soul Survivor,2005
53,Ludacris feat. Bobby Valentino,Pimpin’ All Over the World,2005
54,Usher And Alicia Keys,My Boo,2005
55,"Trick Daddy feat. Ludacris, Lil’ Kim and Cee-Lo",Sugar (Gimme Some),2005
56,Alicia Keys,Karma,2005
57,Coldplay,Speed of Sound,2005
58,Gavin DeGraw,I Don’t Want to Be,2005
59,Eminem,Mockingbird,2005
60,Shakira feat. Alejandro Sanz,La Tortura,2005
61,Maroon5,She Will be Loved,2005
62,Baby Bash feat. Akon,Baby I’m Back,2005
63,Ying Yang Twins,Wait (The Whisper Song),2005
64,Backstreet Boys,Incomplete,2005
65,T.I.,Bring em Out,2005
66,Destiny’s Child,Cater 2 U,2005
67,Amerie,1 Thing,2005
68,Foo Fighters,Best of You,2005
69,Mariah Carey,It’s Like That,2005
70,Natalie,Goin’ Crazy,2005
71,Carrie Underwood,Inside your Heaven,2005
72,Kelly Clarkson,Because of You,2005
73,Fantasia,Truth Is,2005
74,Pretty Ricky,Your Body,2005
75,Jesse McCartney,Beautiful Soul,2005
76,Gwen Stefani,Cool,2005
77,Ludacris,Get Back,2005
78,50 Cent feat. Mobb Deep,Outta Control (Remix),2005
79,T.I.,U Don’t Know Me,2005
80,Natasha Bedingfield,These Words,2005
81,The Black Eyed Peas,Don’t Lie,2005
82,Jennifer Lopez,Get Right,2005
83,John Mayer,Daughters,2005
84,Toby Keith,As Good as I Once Was,2005
85,Brooke Valentine feat. Lil Jon and Big Boi,Girlfight,2005
86,Destiny’s Child,Lose My Breath,2005
87,John Legend,Ordinary People,2005
88,Sean Paul,We Be Burnin’,2005
89,The Click Five,Just the Girl,2005
90,Ryan Cabrera,True,2005
91,Omarion,O,2005
92,Mike Jones,Back Then,2005
93,Jay-Z/Linkin Park,Numb/Encore,2005
94,Ja Rule feat. R. Kelly and Ashanti,Wonderful,2005
95,T-Pain,I’m Sprung,2005
96,Gavin DeGraw,Chariot,2005
97,112 feat. Foxy Brown,U Already Know,2005
98,Faith Hill,Mississippi Girl,2005
99,Ludacris,Number One Spot,2005
100,Webbie feat. Bun B,Give Me That,2005
1,Daniel Powter,Bad Day,2006
2,Sean Paul,Temperature,2006
3,Nelly Furtado feat. Timbaland,Promiscuous,2006
4,James Blunt,You’re Beautiful,2006
5,Shakira feat. Wyclef Jean,Hips Don’t Lie,2006
6,Natasha Bedingfield,Unwritten,2006
7,Gnarls Barkley,Crazy,2006
8,Chamillionaire feat. Krayzie Bone,Ridin’,2006
9,Justin Timberlake,Sexyback,2006
10,Beyonce feat. Slim Thug,Check on It,2006
11,Mary J. Blige,Be without You,2006
12,"Nelly feat. Paul Wall, Ali and Gipp",Grillz,2006
13,The Fray,Over My Head (Cable Car),2006
14,Cassie,Me & U,2006
15,The Pussycat Dolls feat. Snoop Dogg,Buttons,2006
16,Chris Brown,Run It!,2006
17,Ne-Yo,So Sick,2006
18,Yung Joc,It’s Goin’ Down,2006
19,Rihanna,SOS,2006
20,Panic! At The Disco,I Write Sins not Tragedies,2006
21,The All-American Rejects,Move Along,2006
22,Fergie,London Bridge,2006
23,Red Hot Chili Peppers,Dani California,2006
24,Lil Jon feat. E-40 and Sean Paul Of The YoungBloodZ,Snap Yo Fingers,2006
25,Dem Franchize Boyz feat. Lil Peanut and Charlay,"Lean Wit It, Rock Wit It",2006
26,Rascal Flatts,What Hurts the Most,2006
27,The Fray,How to Save a Life,2006
28,Rihanna,Unfaithful,2006
29,Snow Patrol,Chasing Cars,2006
30,Hinder,Lips of an Angel,2006
31,Cascada,Everytime We Touch,2006
32,Christina Aguilera,Ain’t no Other Man,2006
33,Fall Out Boy,"Dance, Dance",2006
34,Kanye West feat. Jamie Foxx,Gold Digger,2006
35,Ludacris feat. Pharrell,Money Maker,2006
36,Bubba Sparxxx feat. Ying Yang Twins and Mr. ColliPark,Ms. New Booty,2006
37,Sean Paul feat. Keyshia Cole,(When You Gonna) Give It Up To Me,2006
38,Nickelback,Photograph,2006
39,Kelly Clarkson,Because of You,2006
40,The Pussycat Dolls,Stickwitu,2006
41,T-Pain feat. Mike Jones,I’n N Luv (Wit a Stripper),2006
42,The Black Eyed Peas,My Humps,2006
43,Fort Minor feat. Holly Brook,Where’d You Go,2006
44,Chris Brown,Yo (Excuse Me Miss),2006
45,Kelly Clarkson,Walk Away,2006
46,D4L,Laffy Taffy,2006
47,T.I.,What you Know,2006
48,The All-American Rejects,Dirty Little Secret,2006
49,Nickelback,Savin’ Me,2006
50,Mariah Carey,Don’t Forget About Us,2006
51,Ne-Yo,Sexy Love,2006
52,E-40 feat. T-Pain and Kandi Girl,U and Dat,2006
53,Nickelback,Far Away,2006
54,Nick Lachey,What’s Left of Me,2006
55,Field Mob feat. Ciara,So What,2006
56,Cherish feat. Sean Paul Of The YoungBloodZ,Do it to It,2006
57,KT Tunstall,Black Horse & the Cherry Tree,2006
58,Juelz Santana,There it Go! (The Whistle Song),2006
59,Young Dro feat. T.I.,Shoulder Lean!,2006
60,Jamie Foxx feat. Ludacris,Unpredictable,2006
61,Justin Timberlake feat. T.I.,My Love,2006
62,Eminem feat. Nate Dogg,Shake That,2006
63,Chingy feat. Tyrese,Pullin’ Me Back,2006
64,Kelis feat. Too $hort,Bossy,2006
65,Jibbs,Chain Hang Low,2006
66,Akon feat. Eminem,Smack That,2006
67,Ray J,One Wish,2006
68,Fall Out Boy,Sugar We’re Goin’ Down,2006
69,Chris Brown feat. Lil’ Wayne,Gimme That,2006
70,Yung Joc feat. Brandy ‘Ms. B.’ Hambrick,I Know You See It,2006
71,Bon Jovi,Who Says you can’t Go Home,2006
72,JoJo,Too Little Too Late,2006
73,Busta Rhymes,Touch It,2006
74,Daddy Yankee,Rompe,2006
75,Beyonce feat. Jay-Z,Deja Vu,2006
76,Rascal Flatts,Life is a Highway,2006
77,Evanescence,Call me When You’re Sober,2006
78,Carrie Underwood,"Jesus, take the Wheel",2006
79,Danity Kane,Show Stopper,2006
80,Ciara feat. Chamillionaire,Get Up,2006
81,Sean Paul,We be Burnin’,2006
82,Blue October,Hate Me,2006
83,Lifehouse,You and Me,2006
84,The Pussycat Dolls feat. will.i.am,Beep,2006
85,"Dem Franchize Boyz feat. Jermaine Dupri, Da Brat and Bow Wow",I Think They Like Me,2006
86,Chris Brown,Say Goodbye,2006
87,John Mayer,Waiting on the World to Change,2006
88,Young Jeezy feat. Akon,Soul Survivor,2006
89,The Black Eyed Peas,Pump It,2006
90,Eminem,When I’m Gone,2006
91,Madonna,Hung Up,2006
92,Three 6 Mafia feat. Young Buck and Eightball and MJG,Stay Fly,2006
93,Keyshia Cole,Love,2006
94,Ne-Yo,When You’re Mad,2006
95,T.I.,Why You Wanna,2006
96,Pink,Stupid Girls,2006
97,Gorillaz,Feel Good Inc,2006
98,T-Pain,I’m Sprung,2006
99,Taylor Hicks,Do I Make you Proud,2006
100,Teddy Geiger,For You I Will (Condience),2006
1,Beyonce,Irreplaceable,2007
2,Rihanna feat. Jay-Z,Umbrella,2007
3,Gwen Stefani feat. Akon,The Sweet Escape,2007
4,Fergie,Big Girls Don’t Cry,2007
5,T-Pain feat. Yung Joc,Buy U A Drank (Shawty Snappin’),2007
6,Carrie Underwood,Before He Cheats,2007
7,Plain White T’s,Hey There Delilah,2007
8,Akon feat. Snoop Dogg,I Wanna Love You,2007
9,Nelly Furtado,Say It Right,2007
10,Fergie feat. Ludacris,Glamorous,2007
11,Akon,Don’t Matter,2007
12,Avril Lavigne,Girlfriend,2007
13,Maroon 5,Makes Me Wonder,2007
14,Shop Boyz,Party Like A Rockstar,2007
15,Akon feat. Eminem,Smack That,2007
16,Mims,This Is Why I’m Hot,2007
17,Daughtry,It’s Not Over,2007
18,Timbaland feat. Keri Hilson,The Way I Are,2007
19,Fergie,Fergalicious,2007
20,Soulja Boy Tell’em,Crank That (Soulja Boy),2007
21,Timbaland feat. Nelly Furtado & Justin Timberlake,Give It To Me,2007
22,Justin Timberlake,What Goes Around…Comes Around,2007
23,Gym Class Heroes feat. Patrick Stump,Cupid’s Chokehold/Breakfast In America,2007
24,The Fray,How To Save A Life,2007
25,Daughtry,Home,2007
26,Justin Timberlake feat. T.I.,My Love,2007
27,Kanye West,Stronger,2007
28,Jim Jones,We Fly High,2007
29,Pink,U + Ur Hand,2007
30,Unk,Walk It Out,2007
31,Sean Kingston,Beautiful Girls,2007
32,Fall Out Boy,"This Ain’t A Scene, It’s An Arms Race",2007
33,T-Pain feat. Akon,Bartender,2007
34,Huey,"Pop, Lock & Drop It",2007
35,Ludacris feat. Mary J. Blige,Runaway Love,2007
36,Nickelback,Rockstar,2007
37,Fall Out Boy,Thnks Fr Th Mmrs,2007
38,Linkin Park,What I’ve Done,2007
39,Justin Timberlake,Summer Love,2007
40,Lloyd feat. Lil’ Wayne,You,2007
41,Elliott Yamin,Wait For You,2007
42,Diddy feat. Keyshia Cole,Last Night,2007
43,Fat Joe feat. Lil Wayne,Make It Rain,2007
44,Fabolous feat. Ne-Yo,Make Me Better,2007
45,Omarion,Ice Box,2007
46,Hinder,Lips Of An Angel,2007
47,John Mayer,Waiting On The World To Change,2007
48,Robin Thicke,Lost Without U,2007
49,R. Kelly Or Bow Wow (feat. T.I. & T-Pain),I’m A Flirt,2007
50,Nickelback,If Everyone Cared,2007
51,Lloyd,Get It Shawty,2007
52,The Red Jumpsuit Apparatus,Face Down,2007
53,Baby Boy Da Prince feat. Lil Boosie,The Way I Live,2007
54,Bow Wow feat. Chris Brown & Johnta Austin,Shortie Like Mine,2007
55,The All-American Rejects,It Ends Tonight,2007
56,Hurricane Chris,A Bay Bay,2007
57,Ne-Yo,Because Of You,2007
58,Bone Thugs-N-Harmony feat. Akon,I Tried,2007
59,My Chemical Romance,Welcome To The Black Parade,2007
60,Plies feat. T-Pain,Shawty,2007
61,Snow Patrol,Chasing Cars,2007
62,Beyonce & Shakira,Beautiful Liar,2007
63,Justin Timberlake,Sexyback,2007
64,Avril Lavigne,Keep Holding On,2007
65,Keyshia Cole feat. Missy Elliott & Lil Kim,Let It Go,2007
66,Timbaland feat. OneRepublic,Apologize,2007
67,Colbie Caillat,Bubbly,2007
68,Ciara,Like A Boy,2007
69,Pink,Who Knew,2007
70,Kelly Clarkson,Never Again,2007
71,Ciara,Promise,2007
72,J. Holiday,Bed,2007
73,Rich Boy feat. Polow Da Don,Throw Some D’s,2007
74,Amy Winehouse,Rehab,2007
75,T.I.,Big Things Poppin’ (Do It),2007
76,Alicia Keys,No One,2007
77,Boys Like Girls,The Great Escape,2007
78,Unk,2 Step,2007
79,Paula DeAnda feat. The DEY,Walk Away (Remember Me),2007
80,Young Jeezy feat. R. Kelly,Go Getta,2007
81,Hellogoodbye,Here (In Your Arms),2007
82,Pretty Ricky,On The Hotline,2007
83,Gwen Stefani,Wind It Up,2007
84,Baby Bash feat. T-Pain,Cyclone,2007
85,Rihanna & Sean Paul,Break It Off,2007
86,Lifehouse,First Time,2007
87,50 Cent feat. Justin Timberlake & Timbaland,Ayo Technology,2007
88,Bow Wow feat. T-Pain & Johnta Austin,Outta My System,2007
89,Taylor Swift,Teardrops On My Guitar,2007
90,Rihanna,Shut Up And Drive,2007
91,Red Hot Chili Peppers,Snow ((Hey Oh)),2007
92,Ludacris feat. Pharrell,Money Maker,2007
93,Chris Brown feat. T-Pain,Kiss Kiss,2007
94,Nickelback,Far Away,2007
95,Crime Mob feat. Lil Scrappy,Rock Yo Hips,2007
96,Justin Timberlake,Lovestoned,2007
97,Hinder,Better Than Me,2007
98,Finger Eleven,Paralyzer,2007
99,Snoop Dogg feat. R. Kelly,That’s That,2007
100,R. Kelly and Usher,Same Girl,2007
1,Flo Rida feat. T-Pain,Low,2008
2,Leona Lewis,Bleeding Love,2008
3,Alicia Keys,No One,2008
4,Lil Wayne feat. Static Major,Lollipop,2008
5,Timbaland feat. OneRepublic,Apologize,2008
6,Jordin Sparks Duet With Chris Brown,No Air,2008
7,Sara Bareilles,Love Song,2008
8,Usher feat. Young Jeezy,Love In This Club,2008
9,Chris Brown,With You,2008
10,Chris Brown,Forever,2008
11,Ray J and Yung Berg,Sexy Can I,2008
12,Rihanna,Take A Bow,2008
13,Coldplay,Viva La Vida,2008
14,Katy Perry,I Kissed A Girl,2008
15,T.I.,Whatever You Like,2008
16,Rihanna,Disturbia,2008
17,Rihanna,Don’t Stop the Music,2008
18,Natasha Bedingfield,Pocketful of Sunshine,2008
19,Chris Brown feat. T-Pain,Kiss Kiss,2008
20,Ne-Yo,Closer,2008
21,Colbie Caillat,Bubbly,2008
22,Mariah Carey,Touch My Body,2008
23,Madonna feat. Justin Timberlake,4 Minutes,2008
24,Pink,So What,2008
25,Finger Eleven,Paralyzer,2008
26,Fergie,Clumsy,2008
27,Jason Mraz,I’m Yours,2008
28,Jesse McCartney,Leavin’,2008
29,Kardinal Offishall feat. Akon,Dangerous,2008
30,Jordin Sparks,Tattoo,2008
31,Miley Cyrus,See You Again,2008
32,Metro Station,Shake It,2008
33,OneRepublic,Stop And Stare,2008
34,Sean Kingston,Take You There,2008
35,M.I.A.,Paper Planes,2008
36,Katy Perry,Hot N Cold,2008
37,T.I. feat. Rihanna,Live Your Life,2008
38,Plies feat. Ne-Yo,Bust It Baby Part 2,2008
39,Estelle feat. Kanye West,American Boy,2008
40,Lil Wayne feat. T-Pain,Got Money,2008
41,Taylor Swift,Our Song,2008
42,Danity Kane,Damaged,2008
43,Lil Wayne,A Milli,2008
44,Buckcherry,Sorry,2008
45,Webbie feat. Lil’ Phat & Lil’ Boosie,Independent,2008
46,T-Pain feat. Lil Wayne,Can’t Believe It,2008
47,Alicia Keys,Like You’ll Never See Me Again,2008
48,Taylor Swift,Teardrops On My Guitar,2008
49,The Pussycat Dolls,When I Grow Up,2008
50,Snoop Dogg,Sensual Seduction,2008
51,Colby O’Donis feat. Akon,What You Got,2008
52,3 Doors Down,It’S Not My Time,2008
53,Leona Lewis,Better In Time,2008
54,Soulja Boy Tell’em,Crank That (Soulja Boy),2008
55,Linkin Park,Shadow Of The Day,2008
56,"Wyclef Jean feat. Akon, Lil Wayne & Niia",Sweetest Girl (Dollar Bill),2008
57,Ne-Yo,Miss Independent,2008
58,Secondhand Serenade,Fall For You,2008
59,Flo Rida feat. will.i.am,In The Ayer,2008
60,John Mayer,Say,2008
61,Jordin Sparks,One Step at A Time,2008
62,Rihanna feat. Ne-Yo,Hate That I Love You,2008
63,Lupe Fiasco feat. Matthew Santos,Superstar,2008
64,J. Holiday,Suffocate,2008
65,Kevin Rudolf feat. Lil Wayne,Let It Rock,2008
66,David Banner feat. Chris Brown,Get Like Me,2008
67,Colbie Caillat,Realize,2008
68,Young Jeezy feat. Kanye West,Put On,2008
69,David Cook,The Time Of My Life,2008
70,"Three 6 Mafia feat. Project Pat, Young D and Superpower",Lolli Lolli (Pop That Body),2008
71,Baby Bash feat. T-Pain,Cyclone,2008
72,Natasha Bedingfield feat. Sean Kingston,Love Like This,2008
73,Jonas Brothers,Burnin’ Up,2008
74,Kanye West,Love Lockdown,2008
75,The-Dream,I Luv Your Girl,2008
76,David Archuleta,Crush,2008
77,Plies feat. Akon,Hypnotized,2008
78,Fergie,Big Girls Don’t Cry,2008
79,Kanye West feat. T-Pain,Good Life,2008
80,Britney Spears,Womanizer,2008
81,Taylor Swift,Love Story,2008
82,Mary J. Blige,Just Fine,2008
83,Britney Spears,Piece Of Me,2008
84,Rick Ross feat. T-Pain,The Boss,2008
85,Kid Rock,All Summer Long,2008
86,Trey Songz,Can’t Help But Wait,2008
87,Gavin DeGraw,In Love With A Girl,2008
88,The Game feat. Lil Wayne,My Life,2008
89,Keyshia Cole,I Remember,2008
90,Kanye West feat. Dwele,Flashing Lights,2008
91,Lil Wayne feat. Bobby Valentino & Kidd Kidd,Mrs. Officer,2008
92,Miley Cyrus,7 Things,2008
93,Trace Adkins,You’re Gonna Miss This,2008
94,Gavin Rossdale,Love Remains The Same,2008
95,Daughtry,Feels Like Tonight,2008
96,Timbaland feat. Keri Hilson,The Way I Are,2008
97,Saving Abel,Addicted,2008
98,Santana feat. Chad Kroeger,Into The Night,2008
99,Keyshia Cole,Heaven Sent,2008
100,2 Pistols feat. T-Pain and Tay Dizm,She Got It,2008
1,The Black Eyed Peas,Boom Boom Pow,2009
2,Lady Gaga,Poker Face,2009
3,Lady Gaga feat. Colby O’Donis,Just Dance,2009
4,The Black Eyed Peas,I Gotta Feeling,2009
5,Taylor Swift,Love Story,2009
6,Flo Rida,Right Round,2009
7,Jason Mraz,I’m Yours,2009
8,Beyonce,Single Ladies (Put A Ring On It),2009
9,Kanye West,Heartless,2009
10,The All-American Rejects,Gives You Hell,2009
11,Taylor Swift,You Belong With Me,2009
12,T.I. feat. Justin Timberlake,Dead And Gone,2009
13,The Fray,You Found Me,2009
14,Kings Of Leon,Use Somebody,2009
15,Keri Hilson feat. Kanye West and Ne-Yo,Knock You Down,2009
16,Jamie Foxx feat. T-Pain,Blame It,2009
17,Pitbull,I Know You Want Me (Calle Ocho),2009
18,T.I. feat. Rihanna,Live Your Life,2009
19,Soulja Boy Tell ’em feat. Sammie,Kiss Me Thru The Phone,2009
20,Jay Sean feat. Lil Wayne,Down,2009
21,Miley Cyrus,The Climb,2009
22,Drake,Best I Ever Had,2009
23,Kelly Clarkson,My Life Would Suck Without You,2009
24,Beyonce,Halo,2009
25,Katy Perry,Hot n Cold,2009
26,Shinedown,Second Chance,2009
27,Britney Spears,Circus,2009
28,Kid Cudi,Day ‘n’ Nite,2009
29,Miley Cyrus,Party in the U.S.A.,2009
30,3OH!3,Don’t Trust Me,2009
31,"Jay-Z, Rihanna and Kanye West",Run This Town,2009
32,Kevin Rudolf feat. Lil Wayne,Let It Rock,2009
33,Sean Kingston,Fire Burning,2009
34,Jason DeRulo,Whatcha Say,2009
35,Lady Gaga,Lovegame,2009
36,Katy Perry,Waking Up In Vegas,2009
37,Jeremih,Birthday Sex,2009
38,Pink,Sober,2009
39,Britney Spears,Womanizer,2009
40,T.I.,Whatever You Like,2009
41,Mariah Carey,Obsessed,2009
42,Ne-Yo,Mad,2009
43,Cobra Starship feat. Leighton Meester,Good Girls Go Bad,2009
44,Kanye West,Love Lockdown,2009
45,Pink,So What,2009
46,Pitbull,Hotel Room Service,2009
47,"Eminem, Dr. Dre and 50 Cent",Crack A Bottle,2009
48,Beyonce,If I Were A Boy,2009
49,Keri Hilson feat. Lil Wayne,Turning Me On,2009
50,The Pussycat Dolls,I Hate This Part,2009
51,Nickelback,Gotta Be Somebody,2009
52,Pink,Please Don’t Leave Me,2009
53,Lady Gaga,Paparazzi,2009
54,Akon feat. Colby O’Donis and Kardinal Offishall,Beautiful,2009
55,Coldplay,Viva la Vida,2009
56,Akon,Right Now (Na Na Na),2009
57,Jordin Sparks,Battlefield,2009
58,Flo Rida feat. Wynter,Sugar,2009
59,Ne-Yo,Miss Independent,2009
60,Owl City,Fireflies,2009
61,Linkin Park,New Divide,2009
62,Jay-Z + Alicia Keys,Empire State Of Mind,2009
63,Daughtry,No Surprise,2009
64,Shakira,She Wolf,2009
65,Mario feat. Gucci Mane and Sean Garrett,Break Up,2009
66,Beyonce,Sweet Dreams,2009
67,Young Money,Every Girl,2009
68,Colbie Caillat,Fallin’ For You,2009
69,The Veronicas,Untouched,2009
70,Nickelback,If Today Was Your Last Day,2009
71,Fabolous feat. The-Dream,Throw It In The Bag,2009
72,Boys Like Girls,Love Drunk,2009
73,Asher Roth,I Love College,2009
74,Britney Spears,If U Seek Amy,2009
75,Jason Aldean,Big Green Tractor,2009
76,Taylor Swift,White Horse,2009
77,Rihanna,Disturbia,2009
78,Green Day,21 Guns,2009
79,Soulja Boy Tell’em,Turn My Swag On,2009
80,The-Dream,Rockin’ That Thang,2009
81,Zac Brown Band,Chicken Fried,2009
82,Beyonce,Diva,2009
83,Iyaz,Replay,2009
84,Brad Paisley,Then,2009
85,Rob Thomas,Her Diamonds,2009
86,Jesse McCartney feat. Ludacris,How Do You Sleep?,2009
87,Britney Spears,3,2009
88,"Drake feat. Kanye West, Lil Wayne and Eminem",Forever,2009
89,Justin Bieber,One Time,2009
90,Lady Antebellum,I Run To You,2009
91,Kelly Clarkson,I Do Not Hook Up,2009
92,John Legend feat. Andre 3000,Green Light,2009
93,Billy Currington,People Are Crazy,2009
94,Zac Brown Band,Whatever It Is,2009
95,Kelly Clarkson,Already Gone,2009
96,Kristinia DeBarge,Goodbye,2009
97,Michael Franti and Spearhead feat. Cherine Anderson,Say Hey (I Love You),2009
98,Jim Jones and Ron Browz feat. Juelz Santana,Pop Champagne,2009
99,Maxwell,Pretty Wings,2009
100,The Fray,Never Say Never,2009
1,Ke$ha,TiK ToK,2010
2,Lady Antebellum,Need You Now,2010
3,Train,"Hey, Soul Sister",2010
4,Katy Perry feat. Snoop Dogg,California Gurls,2010
5,Usher feat. will.i.am,OMG,2010
6,B.o.B feat. Hayley Williams,Airplanes,2010
7,Eminem feat. Rihanna,Love The Way You Lie,2010
8,Lady Gaga,Bad Romance,2010
9,Taio Cruz,Dynamite,2010
10,Taio Cruz feat. Ludacris,Break Your Heart,2010
11,B.o.B feat. Bruno Mars,Nothin’ On You,2010
12,Enrique Iglesias feat. Pitbull,I Like It,2010
13,Young Money feat. Lloyd,Bedrock,2010
14,Jason Derulo,In My Head,2010
15,Rihanna,Rude Boy,2010
16,Lady Gaga feat. Beyonce,Telephone,2010
17,Katy Perry,Teenage Dream,2010
18,Bruno Mars,Just The Way You Are,2010
19,Mike Posner,Cooler Than Me,2010
20,Black Eyed Peas,Imma Be,2010
21,Jay-Z and Alicia Keys,Empire State of Mind,2010
22,Usher feat. Pitbull,DJ Got Us Fallin’ in Love,2010
23,Travie McCoy feat. Bruno Mars,Billionaire,2010
24,Eminem,Not Afraid,2010
25,Iyaz,Replay,2010
26,David Guetta feat. Akon,Sexy Chick,2010
27,The Script,Breakeven,2010
28,Ke$ha,Your Love Is My Drug,2010
29,Black Eyed Peas,I Gotta Feeling,2010
30,Owl City,Fireflies,2010
31,Trey Songz feat. Fabolous,Say Aah,2010
32,Drake,Find Your Love,2010
33,Lady Gaga,Alejandro,2010
34,Jason Derulo,Ridin’ Solo,2010
35,Nelly,Just A Dream,2010
36,Ludacris,How Low,2010
37,Far East Movement feat. The Cataracs and Dev,Like A G6,2010
38,Timbaland feat. Justin Timberlake,Carry Out,2010
39,Michael Buble,Haven’t Met You Yet,2010
40,Flo Rida feat. David Guetta,Club Can’t Handle Me,2010
41,Jay Sean feat. Lil Wayne,Down,2010
42,La Roux,Bulletproof,2010
43,Jason Derulo,Whatcha Say,2010
44,Justin Bieber feat. Ludacris,Baby,2010
45,Adam Lambert,Whataya Want From Me,2010
46,Taylor Swift,Mine,2010
47,Rihanna,Only Girl (In The World),2010
48,Kris Allen,Live Like We’re Dying,2010
49,Rihanna feat. Jeezy,Hard,2010
50,Jay-Z and Mr. Hudson,Young Forever,2010
51,Ke$ha feat. 3OH!3,Blah Blah Blah,2010
52,Trey Songz feat. Nicki Minaj,Bottoms Up,2010
53,Jay Sean feat. Sean Paul & Lil Jon,Do You Remember,2010
54,OneRepublic,All The Right Moves,2010
55,Orianthi,According To You,2010
56,Ludacris feat. Nicki Minaj,My Chick Bad,2010
57,Taylor Swift,You Belong With Me,2010
58,Black Eyed Peas,Meet Me Halfway,2010
59,Ke$ha,Take It Off,2010
60,Drake,Over,2010
61,Neon Trees,Animal,2010
62,Maroon 5,Misery,2010
63,B.o.B feat. Rivers Cuomo,Magic,2010
64,Lady Gaga,Paparazzi,2010
65,New Boyz feat. Ray J,Tie Me Down,2010
66,Nicki Minaj,Your Love,2010
67,Miley Cyrus,Party In The U.S.A.,2010
68,Chris Brown feat. Tyga and Kevin McCall,Deuces,2010
69,Britney Spears,3,2010
70,Shontelle,Impossible,2010
71,"Drake feat. Kanye West, Lil Wayne and Eminem",Forever,2010
72,Boys Like Girls feat. Taylor Swift,Two Is Better Than One,2010
73,3OH!3 feat. Ke$ha,My First Kiss,2010
74,Kelly Clarkson,Already Gone,2010
75,Black Eyed Peas,Rock That Body,2010
76,OneRepublic,Secrets,2010
77,Selena Gomez and The Scene,Naturally,2010
78,Alicia Keyes,Un-Thinkable (I’m Ready),2010
79,"DJ Khaled feat. T-Pain, Ludacris, Snoop Dogg and Rick Ross",All I Do Is Win,2010
80,"Kevin Rudolf feat. Birdman, Jay Sean, & Lil Wayne",I Made It (Cash Money Heroes),2010
81,Sugarland,Stuck Like Glue,2010
82,Usher feat. Plies,Hey Daddy (Daddy’s Home),2010
83,Usher,There Goes My Baby,2010
84,Taylor Swift,Today Was A Fairytale,2010
85,Timbaland feat. Drake,Say Something,2010
86,Beyonce,Sweet Dreams,2010
87,Kings of Leon,Use Somebody,2010
88,Carrie Underwood,Undo It,2010
89,Sean Kingston and Justin Bieber,Eenie Meenie,2010
90,Lil Wayne feat. Drake,Right Above It,2010
91,Miranda Lambert,The House That Built Me,2010
92,The Band Perry,If I Die Young,2010
93,Paramore,The Only Exception,2010
94,Lady Antebellum,American Honey,2010
95,Sara Bareilles,King Of Anything,2010
96,Daughtry,Life After You,2010
97,Uncle Kraker,Smile,2010
98,Cali Swag District,Teach Me How To Dougie,2010
99,Alicia Keyes,Try Sleeping With A Broken Heart,2010
100,Jerrod Niemann,"Lover, Lover",2010
1,Adele,Rolling In The Deep,2011
2,LMFAO feat. Lauren Bennett & GoonRock,Party Rock Anthem,2011
3,Katy Perry,Firework,2011
4,Katy Perry feat. Kanye West,E.T.,2011
5,"Pitbull feat. Ne-Yo, Afrojack & Nayer",Give Me Everything,2011
6,Bruno Mars,Grenade,2011
7,Cee Lo Green,F**K You (Forget You),2011
8,Nicki Minaj,Super Bass,2011
9,Maroon 5 feat. Christina Aguilera,Moves Like Jagger,2011
10,The Black Eyed Peas,Just Can’t Get Enough,2011
11,Jennifer Lopez feat. Pitbull,On The Floor,2011
12,Rihanna,S&M,2011
13,Foster The People,Pumped Up Kicks,2011
14,Katy Perry,Last Friday Night (T.G.I.F.),2011
15,Bruno Mars,Just The Way You Are,2011
16,Enrique Iglesias feat. Ludacris & DJ Frank E,Tonight (I’m Lovin’ You),2011
17,P!Nk,Raise Your Glass,2011
18,Lady Gaga,Born This Way,2011
19,P!Nk,F**Kin’ Perfect,2011
20,Rihanna feat. Drake,What’s My Name?,2011
21,Chris Brown feat. Lil Wayne & Busta Rhymes,Look At Me Now,2011
22,Jeremih feat. 50 Cent,Down On Me,2011
23,Lil Wayne,How To Love,2011
24,Adele,Someone Like You,2011
25,OneRepublic,Good Life,2011
26,Bruno Mars,The Lazy Song,2011
27,Britney Spears,Till The World Ends,2011
28,Lupe Fiasco,The Show Goes On,2011
29,Lady Gaga,The Edge Of Glory,2011
30,Ke$Ha,We R Who We R,2011
31,Wiz Khalifa,Black And Yellow,2011
32,Hot Chelle Rae,Tonight Tonight,2011
33,Ke$Ha,Blow,2011
34,Bad Meets Evil feat. Bruno Mars,Lighters,2011
35,The Band Perry,If I Die Young,2011
36,Gym Class Heroes feat. Adam Levine,Stereo Hearts,2011
37,The Black Eyed Peas,The Time (Dirty Bit),2011
38,Diddy – Dirty Money feat. Skylar Grey,Coming Home,2011
39,Pitbull feat. T-Pain,Hey Baby (Drop It To The Floor),2011
40,Rihanna,Only Girl (In The World),2011
41,Lil Wayne feat. Cory Gunz,6 Foot 7 Foot,2011
42,Lady Antebellum,Just A Kiss,2011
43,Jason Aldean,Dirt Road Anthem,2011
44,Taio Cruz,Dynamite,2011
45,Waka Flocka Flame feat. Roscoe Dash & Wale,No Hands,2011
46,Britney Spears,I Wanna Go,2011
47,"DJ Khaled feat. Drake, Rick Ross & Lil Wayne",I’m On One,2011
48,Cobra Starship feat. Sabi,You Make Me Feel…,2011
49,Chris Brown,Yeah 3x,2011
50,Nicki Minaj feat. Drake,Moment 4 Life,2011
51,Dr. Dre feat. Eminem & Skylar Grey,I Need A Doctor,2011
52,Nelly,Just A Dream,2011
53,Kelly Rowland feat. Lil Wayne,Motivation,2011
54,Edward Maya & Vika Jigulina,Stereo Love,2011
55,Christina Perri,Jar Of Hearts,2011
56,Wiz Khalifa,Roll Up,2011
57,LMFAO,Sexy And I Know It,2011
58,Far*East Movement feat. Ryan Tedder,Rocketeer,2011
59,Kanye West,All Of The Lights,2011
60,Britney Spears,Hold It Against Me,2011
61,Usher,More,2011
62,Avril Lavigne,What The Hell,2011
63,Tinie Tempah feat. Eric Turner,Written In The Stars,2011
64,Trey Songz feat. Nicki Minaj,Bottoms Up,2011
65,Usher feat. Pitbull,DJ Got Us Fallin’ In Love,2011
66,The Script,For The First Time,2011
67,Blake Shelton,Honey Bee,2011
68,Jason Aldean With Kelly Clarkson,Don’t You Wanna Stay,2011
69,Rihanna feat. Calvin Harris,We Found Love,2011
70,Keri Hilson,Pretty Girl Rock,2011
71,Lady Gaga,You And I,2011
72,Far*East Movement feat. Cataracs & Dev,Like A G6,2011
73,David Guetta feat. Usher,Without You,2011
74,Taylor Swift,Back To December,2011
75,Katy Perry,Teenage Dream,2011
76,Eli Young Band,Crazy Girl,2011
77,Rihanna,Cheers (Drink To That),2011
78,Selena Gomez & The Scene,Who Says,2011
79,Jake Owen,Barefoot Blue Jean Night,2011
80,Zac Brown Band feat. Jimmy Buffett,Knee Deep,2011
81,Luke Bryan,Country Girl (Shake It For Me),2011
82,Brad Paisley With Carrie Underwood,Remind Me,2011
83,Dev,In The Dark,2011
84,New Boyz feat. The Cataracs & Dev,Backseat,2011
85,Drake,Headlines,2011
86,Beyonce,Best Thing I Never Had,2011
87,Jason Derulo,Don’t Wanna Go Home,2011
88,David Guetta feat. Flo Rida & Nicki Minaj,Where Them Girls At,2011
89,Chris Brown,She Ain’t You,2011
90,Rodney Atkins,Take A Back Road,2011
91,Mike Posner,Please Don’t Go,2011
92,Miguel,Sure Thing,2011
93,Jessie J feat. B.O.B,Price Tag,2011
94,Blake Shelton,God Gave Me You,2011
95,Lil Wayne feat. Drake,She Will,2011
96,Thompson Square,Are You Gonna Kiss Me Or Not,2011
97,Neon Trees,Animal,2011
98,Kenny Chesney feat. Grace Potter,You And Tequila,2011
99,Zac Brown Band,Colder Weather,2011
100,Big Sean feat. Chris Brown,My Last,2011
1,Gotye feat. Kimbra,Somebody That I Used To Know,2012
2,Carly Rae Jepsen,Call Me Maybe,2012
3,fun. feat. Janelle Monae,We Are Young,2012
4,Maroon 5 feat. Wiz Khalifa,Payphone,2012
5,Ellie Goulding,Lights,2012
6,The Wanted,Glad You Came,2012
7,Kelly Clarkson,Stronger (What Doesn’t Kill You),2012
8,Rihanna feat. Calvin Harris,We Found Love,2012
9,Nicki Minaj,Starships,2012
10,One Direction,What Makes You Beautiful,2012
11,Flo Rida feat. Sia,Wild Ones,2012
12,Adele,Set Fire To The Rain,2012
13,LMFAO,Sexy And I Know It,2012
14,fun.,Some Nights,2012
15,Katy Perry,Wide Awake,2012
16,Flo Rida,Good Feeling,2012
17,Flo Rida,Whistle,2012
18,Maroon 5,One More Night,2012
19,Train,Drive By,2012
20,Drake feat. Lil Wayne,The Motto,2012
21,Rihanna,Where Have You Been,2012
22,Neon Trees,Everybody Talks,2012
23,Drake feat. Rihanna,Take Care,2012
24,David Guetta feat. Sia,Titanium,2012
25,Jason Mraz,I Won’t Give Up,2012
26,Bruno Mars,It Will Rain,2012
27,"Kanye West, Big Sean, Pusha T, 2 Chainz",Mercy,2012
28,Justin Bieber,Boyfriend,2012
29,LMFAO feat. Lauren Bennett & GoonRock,Party Rock Anthem,2012
30,Alex Clare,Too Close,2012
31,Katy Perry,Part Of Me,2012
32,Snoop Dogg and Wiz Khalifa feat. Bruno Mars,"Young, Wild & Free",2012
33,Taylor Swift,We Are Never Ever Getting Back Together,2012
34,Justin Bieber feat. Big Sean,As Long as You Love Me,2012
35,David Guetta feat. Nicki Minaj,Turn Me On,2012
36,Maroon 5 feat. Christina Aguilera,Moves Like Jagger,2012
37,P!nk,Blow Me (One Last Kiss),2012
38,Owl City and Carly Rae Jepsen,Good Time,2012
39,Demi Lovato,Give Your Heart A Break,2012
40,Jay Z and Kanye West,Ni**As In Paris,2012
41,Katy Perry,The One That Got Away,2012
42,Calvin Harris,Feel So Close,2012
43,Adele,Someone Like You,2012
44,Usher,Scream,2012
45,Tyga,Rack City,2012
46,Jessie J,Domino,2012
47,PSY,Gangnam Style,2012
48,Pitbull feat. Chris Brown,International Love,2012
49,Phillip Phillips,Home,2012
50,David Guetta feat. Usher,Without You,2012
51,Gym Class Heroes feat. Neon Hitch,Ass Back Home,2012
52,Hunter Hayes,Wanted,2012
53,Luke Bryan,Drunk On You,2012
54,2 Chainz feat. Drake,No Lie,2012
55,Cher Lloyd,Want U Back,2012
56,Chris Brown,Don’t Wake Me Up,2012
57,Big Sean feat. Nicki Minaj,Dance (A$$),2012
58,Eric Church,Springsteen,2012
59,Karmin,Brokenhearted,2012
60,Gavin DeGraw,Not Over You,2012
61,Gym Class Heroes feat. Adam Levine,Stereo Hearts,2012
62,Pitbull,Back In Time,2012
63,J. Cole,Work Out,2012
64,Adele,Rumour Has It,2012
65,Calvin Harris feat. Ne-Yo,Let’s Go,2012
66,Carrie Underwood,Good Girl,2012
67,Little Big Town,Pontoon,2012
68,The Lumineers,Ho Hey,2012
69,Coldplay,Paradise,2012
70,Carrie Underwood,Blown Away,2012
71,Adele,Rolling In The Deep,2012
72,Usher,Climax,2012
73,Wiz Khalifa,"Work Hard, Play Hard",2012
74,Ne-Yo,Let Me Love You (Until You Learn To Love Yourself),2012
75,Nicki Minaj,Pound The Alarm,2012
76,Kenny Chesney,Come Over,2012
77,Trey Songz,Heart Attack,2012
78,Kirko Bangz,Drank In My Cup,2012
79,Rihanna feat. Chris Brown,Birthday Cake,2012
80,B.o.B,So Good,2012
81,Train,50 Ways To Say Goodbye,2012
82,Toby Keith,Red Solo Cup,2012
83,Selena Gomez and The Scene,Love You Like A Love Song,2012
84,Chris Brown,Turn Up The Music,2012
85,Ke$ha,Die Young,2012
86,T-Pain feat. Wiz Khalifa and Lily Allen,5 O’Clock,2012
87,Christina Perri,A Thousand Years,2012
88,Jason Aldean,Take A Little Ride,2012
89,Rihanna,You Da One,2012
90,Havana Brown feat. Pitbull,We Run The Night,2012
91,Imagine Dragons,It’s Time,2012
92,Ca$h Out,Cashin’ Out,2012
93,Luke Bryan,I Don’t Want This Night To End,2012
94,Rihanna,Diamonds,2012
95,Lee Brice,Hard To Love,2012
96,Kip Moore,Somethin’ ‘Bout A Truck,2012
97,Miguel,Adorn,2012
98,Jason Aldean,Fly Over States,2012
99,Eli Young Band,Even If It Breaks Your Heart,2012
100,Linkin Park,Burn It Down,2012
1,Pharrell Williams,Happy,2014
2,Katy Perry feat. Juicy J,Dark Horse,2014
3,John Legend,All Of Me,2014
4,Iggy Azalea feat. Charli XCX,Fancy,2014
5,OneRepublic,Counting Stars,2014
6,Jason Derulo feat. 2 Chainz,Talk Dirty,2014
7,MAGIC!,Rude,2014
8,Meghan Trainor,All About That Bass,2014
9,Ariana Grande feat. Iggy Azalea,Problem,2014
10,Sam Smith,Stay With Me,2014
11,Pitbull feat. Ke$ha,Timber,2014
12,Bastille,Pompeii,2014
13,Taylor Swift,Shake It Off,2014
14,Nico and Vinz,Am I Wrong,2014
15,DJ Snake and Lil Jon,Turn Down For What,2014
16,Eminem feat. Rihanna,The Monster,2014
17,A Great Big World and Christina Aguilera,Say Something,2014
18,Lorde,Team,2014
19,Passenger,Let Her Go,2014
20,Lorde,Royals,2014
21,Idina Menzel,Let It Go,2014
22,Avicii,Wake Me Up!,2014
23,Imagine Dragons,Demons,2014
24,One Direction,Story Of My Life,2014
25,Sia,Chandelier,2014
26,Iggy Azalea feat. Rita Ora,Black Widow,2014
27,"Jessie J, Ariana Grande & Nicki Minaj",Bang Bang,2014
28,Disclosure feat. Sam Smith,Latch,2014
29,Maroon 5,Maps,2014
30,Chris Brown feat. Lil Wayne and French Montana or Too $hort or Tyga,Loyal,2014
31,American Authors,Best Day Of My Life,2014
32,Tove Lo,Habits (Stay High),2014
33,Calvin Harris,Summer,2014
34,Charli XCX,Boom Clap,2014
35,Beyonce feat. Jay Z,Drunk In Love,2014
36,Nicki Minaj,Anaconda,2014
37,Ariana Grande feat. Zedd,Break Free,2014
38,Enrique Iglesias feat. Descemer Bueno and Gente De Zona,Bailando,2014
39,Ellie Goulding,Burn,2014
40,Jason Derulo feat. Snoop Dogg,Wiggle,2014
41,Clean Bandit feat. Jess Glynne,Rather Be,2014
42,Jeremih feat. Yg,Don’t Tell ‘Em,2014
43,Kid Ink feat. Chris Brown,Show Me,2014
44,Miley Cyrus,Wrecking Ball,2014
45,Justin Timberlake,Not A Bad Thing,2014
46,Katy Perry,Roar,2014
47,Paramore,Ain’t It Fun,2014
48,Aloe Blacc,The Man,2014
49,Florida Georgia Line feat. Luke Bryan,This Is How We Roll,2014
50,Mkto,Classic,2014
51,Coldplay,A Sky Full Of Stars,2014
52,Ed Sheeran,Don’t,2014
53,Trey Songz,Na Na,2014
54,Bobby Shmurda,Hot Boy,2014
55,Drake feat. Majid Jordan,"Hold On, We’re Going Home",2014
56,Ed Sheeran,Sing,2014
57,Imagine Dragons,Radioactive,2014
58,Yg feat. Jeezy and Rich Homie Quan,My Hitta,2014
59,Echosmith,Cool Kids,2014
60,Avicii,Hey Brother,2014
61,Jason Derulo,Trumpets,2014
62,Maroon 5,Animals,2014
63,Jason Aldean,Burnin’ It Down,2014
64,Luke Bryan,Play It Again,2014
65,Tinashe feat. Schoolboy Q,2 On,2014
66,Florida Georgia Line,Dirt,2014
67,OneRepublic,Love Runs Out,2014
68,Brantley Gilbert,Bottoms Up,2014
69,Becky G,Shower,2014
70,Rixton,Me And My Broken Heart,2014
71,Martin Garrix,Animals,2014
72,Rich Gang feat. Young Thug and Rich Homie Quan,Lifestyle,2014
73,Kenny Chesney,American Kids,2014
74,Sara Bareilles,Brave,2014
75,The Neighbourhood,Sweater Weather,2014
76,Sam Hunt,Leave The Night On,2014
77,Chris Brown feat. Usher and Rick Ross,New Flame,2014
78,Michael Jackson and Justin Timberlake,Love Never Felt So Good,2014
79,Dierks Bentley,Drunk On A Plane,2014
80,Katy Perry,Birthday,2014
81,Lady Antebellum,Bartender,2014
82,Naughty Boy feat. Sam Smith,La La La,2014
83,Robin Thicke feat. T.I. and Pharrell,Blurred Lines,2014
84,Lady Gaga feat. R. Kelly,Do What U Want,2014
85,Shakira feat. Rihanna,Can’t Remember To Forget You,2014
86,5 Seconds Of Summer,Amnesia,2014
87,T.I. feat. Iggy Azalea,No Mediocre,2014
88,Kongos,Come With Me Now,2014
89,Lil Wayne feat. Drake,Believe Me,2014
90,"Mike Will Made-It feat. Miley Cyrus, Wiz Khalifa and Juicy J",23,2014
91,Jake Owen,Beachin’,2014
92,Macklemore & Ryan Lewis feat. Schoolboy Q and Hollis,White Walls,2014
93,5 Seconds Of Summer,She Looks So Perfect,2014
94,Zedd feat. Hayley Williams,Stay The Night,2014
95,Beyonce,Partition,2014
96,Schoolboy Q feat. BJ The Chicago Kid,Studio,2014
97,Drake,0 To 100 / The Catch Up,2014
98,Lee Brice,I Don’t Dance,2014
99,Miranda Lambert and Carrie Underwood,Somethin’ Bad,2014
100,Miley Cyrus,Adore You,2014
1,Mark Ronson feat. Bruno Mars,Uptown Funk! LYRICS,2015
2,Ed Sheeran,Thinking Out Loud LYRICS,2015
3,Wiz Khalifa feat. Charlie Puth,See You Again LYRICS,2015
4,Fetty Wap,Trap Queen LYRICS,2015
5,Maroon 5,Sugar LYRICS,2015
6,Walk The Moon,Shut Up and Dance LYRICS,2015
7,Taylor Swift,Blank Space LYRICS,2015
8,Silento,Watch Me LYRICS,2015
9,Weeknd,Earned It (Fifty Shades Of Grey) LYRICS,2015
10,Weeknd,The Hills LYRICS,2015
11,OMI,Cheerleader (Felix Jaehn Remix) LYRICS,2015
12,Weeknd,Can’t Feel My Face LYRICS,2015
13,Ellie Goulding,Love Me Like You Do LYRICS,2015
14,Hozier,Take Me To Church LYRICS,2015
15,Taylor Swift feat. Kendrick Lamar,Bad Blood LYRICS,2015
16,Major Lazer and DJ Snake feat. M0,Lean On LYRICS,2015
17,Jason Derulo,Want To Want Me LYRICS,2015
18,Taylor Swift,Shake It Off LYRICS,2015
19,Skrillex and Diplo With Justin Bieber,Where Are U Now LYRICS,2015
20,Rachel Platten,Fight Song LYRICS,2015
21,Fetty Wap feat. Remy Boyz,679 LYRICS,2015
22,Meghan Trainor,Lips Are Movin LYRICS,2015
23,Fifth Harmony feat. Kid Ink,Worth It LYRICS,2015
24,Omarion feat. Chris Brown and Jhene Aiko,Post To Be LYRICS,2015
25,Andy Grammer,"Honey, I’m Good. LYRICS",2015
26,Sam Smith,I’m Not The Only One LYRICS,2015
27,Selena Gomez feat. A$AP Rocky,Good For You LYRICS,2015
28,Meghan Trainor,All About That Bass LYRICS,2015
29,Taylor Swift,Style LYRICS,2015
30,Drake,Hotline Bling LYRICS,2015
31,"David Guetta feat. Nicki Minaj, Bebe Rexha and Afrojack",Hey Mama LYRICS,2015
32,Flo Rida feat. Sage The Gemini and Lookas,G.D.F.R. LYRICS,2015
33,Justin Bieber,What Do You Mean? LYRICS,2015
34,Ed Sheeran,Photograph LYRICS,2015
35,Adele,Hello LYRICS,2015
36,Shawn Mendes,Stitches LYRICS,2015
37,Tove Lo,Talking Body LYRICS,2015
38,Nick Jonas,Jealous LYRICS,2015
39,Pitbull and Ne-Yo,Time Of Our Lives LYRICS,2015
40,R. City feat. Adam Levine,Locked Away LYRICS,2015
41,Natalie La Rose feat. Jeremih,Somebody LYRICS,2015
42,"Rihanna, Kanye West, and Paul McCartney",FourFiveSeconds LYRICS,2015
43,Fall Out Boy,Centuries LYRICS,2015
44,Fetty Wap feat. Monty,My Way LYRICS,2015
45,Sam Hunt,Take Your Time LYRICS,2015
46,Maroon 5,Animals LYRICS,2015
47,Big Sean feat. E-40,I Don’t F**k With You LYRICS,2015
48,Rihanna,B**** Better Have My Money LYRICS,2015
49,Rich Homie Quan,Flex (Ooh Ooh Ooh) LYRICS,2015
50,T-Wayne,Nasty Freestyle LYRICS,2015
51,"Nicki Minaj feat. Drake, Lil Wayne and Chris Brown",Only LYRICS,2015
52,Sia,Elastic Heart LYRICS,2015
53,Demi Lovato,Cool For The Summer LYRICS,2015
54,X Ambassadors,Renegades LYRICS,2015
55,Usher feat. Juicy J,I Don’t Mind LYRICS,2015
56,Ariana Grande and The Weeknd,Love Me Harder LYRICS,2015
57,Taylor Swift,Wildest Dreams LYRICS,2015
58,Sam Smith,Stay With Me LYRICS,2015
59,DJ Snake and Alunageorge,You Know You Like It LYRICS,2015
60,Fall Out Boy,Uma Thurman LYRICS,2015
61,Beyonce,7/11 LYRICS,2015
62,Selena Gomez,The Heart Wants What It Wants LYRICS,2015
63,Little Big Town,Girl Crush LYRICS,2015
64,Trey Songz,Slow Motion LYRICS,2015
65,One Direction,Drag Me Down LYRICS,2015
66,Nicki Minaj feat. Drake and Lil Wayne,Truffle Butter LYRICS,2015
67,Ariana Grande,One Last Time LYRICS,2015
68,Nick Jonas,Chains LYRICS,2015
69,Meek Mill feat. Chris Brown and Nicki Minaj,All Eyes On You LYRICS,2015
70,Rae Sremmurd,No Type LYRICS,2015
71,Vance Joy,Riptide LYRICS,2015
72,Jidenna feat. Roman GianArthur,Classic Man LYRICS,2015
73,Elle King,Ex’s and Oh’s LYRICS,2015
74,Meghan Trainor,Dear Future Husband LYRICS,2015
75,Charlie Puth feat. Meghan Trainor,Marvin Gaye LYRICS,2015
76,Meghan Trainor feat. John Legend,Like I’m Gonna Lose You LYRICS,2015
77,Tove Lo,Habits (Stay High) LYRICS,2015
78,James Newton Howard feat. Jennifer Lawrence,The Hanging Tree LYRICS,2015
79,O.T. Genasis,Coco LYRICS,2015
80,"Jessie J, Ariana Grande and Nicki Minaj",Bang Bang LYRICS,2015
81,Sam Smith,Lay Me Down LYRICS,2015
82,iLoveMakonnen feat. Drake,Tuesday LYRICS,2015
83,iLoveMemphis,Hit The Quan LYRICS,2015
84,"Macklemore and Ryan Lewis feat. Eric Nally, Melle Mel, Kool Moe Dee and Grandmaster Caz",Downtown LYRICS,2015
85,Sam Hunt,House Party LYRICS,2015
86,Chris Brown and Tyga,Ayo LYRICS,2015
87,Luke Bryan,Kick The Dust Up LYRICS,2015
88,Big Sean feat. Drake,Blessings LYRICS,2015
89,George Ezra,Budapest LYRICS,2015
90,Sia,Chandelier LYRICS,2015
91,Kelly Clarkson,Heartbeat Song LYRICS,2015
92,Ed Sheeran,Don’t LYRICS,2015
93,Ella Henderson,Ghost LYRICS,2015
94,Alessia Cara,Here LYRICS,2015
95,Mr. Probz,Waves LYRICS,2015
96,Nicky Jam and Enrique Iglesias,El Perdon (Forgiveness) LYRICS,2015
97,Ne-Yo feat. Juicy J,She Knows LYRICS,2015
98,One Direction,Night Changes LYRICS,2015
99,Drake,Back To Back LYRICS,2015
100,Calvin Harris and Disciples,How Deep Is Your Love LYRICS,2015
1,Justin Bieber,Love Yourself LYRICS,2016
2,Justin Bieber,Sorry LYRICS,2016
3,Drake feat. WizKid and Kyla,One Dance LYRICS,2016
4,Rihanna feat. Drake,Work LYRICS,2016
5,twenty one pilots,Stressed Out LYRICS,2016
6,Desiigner,Panda LYRICS,2016
7,Adele,Hello LYRICS,2016
8,Chainsmokers feat. Daya,Don’t Let Me Down LYRICS,2016
9,Justin Timberlake,Can’t Stop The Feeling! LYRICS,2016
10,Chainsmokers feat. Halsey,Closer LYRICS,2016
11,Sia feat. Sean Paul,Cheap Thrills LYRICS,2016
12,Lukas Graham,7 Years LYRICS,2016
13,Rihanna,Needed Me LYRICS,2016
14,Flo Rida,My House LYRICS,2016
15,Mike Posner,I Took A Pill In Ibiza LYRICS,2016
16,Fifth Harmony feat. Ty Dolla $ign,Work From Home LYRICS,2016
17,Calvin Harris feat. Rihanna,This Is What You Came For LYRICS,2016
18,DNCE,Cake By The Ocean LYRICS,2016
19,G-Eazy x Bebe Rexha,"Me, Myself and I LYRICS",2016
20,twenty one pilots,Ride LYRICS,2016
21,twenty one pilots,Heathens LYRICS,2016
22,Zayn,Pillowtalk LYRICS,2016
23,Shawn Mendes,Stitches LYRICS,2016
24,Drake,Hotline Bling LYRICS,2016
25,Major Lazer feat. Justin Bieber and MO,Cold Water LYRICS,2016
26,Adele,Send My Love (To Your New Lover) LYRICS,2016
27,Chainsmokers feat. Rozes,Roses LYRICS,2016
28,Shawn Mendes,Treat You Better LYRICS,2016
29,Drake feat. Rihanna,Too Good LYRICS,2016
30,Future feat. The Weeknd,Low Life LYRICS,2016
31,Justin Bieber,What Do You Mean? LYRICS,2016
32,Weeknd,The Hills LYRICS,2016
33,Pink,Just Like Fire LYRICS,2016
34,D.R.A.M. feat. Lil Yachty,Broccoli LYRICS,2016
35,Bryson Tiller,Don’t LYRICS,2016
36,Ariana Grande,Dangerous Woman LYRICS,2016
37,Drake and Future,Jumpman LYRICS,2016
38,gnash feat. Olivia O’Brien,I Hate U I Love U LYRICS,2016
39,Alessia Cara,Here LYRICS,2016
40,Selena Gomez,Same Old Love LYRICS,2016
41,Drake,Controlla LYRICS,2016
42,Meghan Trainor feat. John Legend,Like I’m Gonna Lose You LYRICS,2016
43,Charlie Puth,One Call Away LYRICS,2016
44,James Bay,Let It Go LYRICS,2016
45,Meghan Trainor,No LYRICS,2016
46,Zara Larsson and MNEK,Never Forget You LYRICS,2016
47,DJ Snake feat. Justin Bieber,Let Me Love You LYRICS,2016
48,Kent Jones,Don’t Mind LYRICS,2016
49,Florida Georgia Line,H.O.L.Y.,2016
50,Charlie Puth feat. Selena Gomez,We Don’t Talk Anymore LYRICS,2016
51,Ariana Grande,Into You LYRICS,2016
52,Kiiara,Gold LYRICS,2016
53,Bryson Tiller,Exchange LYRICS,2016
54,Fetty Wap feat. Remy Boyz,679 LYRICS,2016
55,Jeremih,Oui LYRICS,2016
56,Selena Gomez,Hands To Myself LYRICS,2016
57,Kevin Gates,2 Phones LYRaICS,2016
58,Weeknd feat. Daft Punk,Starboy LYRICS,2016
59,DJ Khaled feat. Drake,For Free LYRICS,2016
60,Flume feat. Kai,Never Be Like You LYRICS,2016
61,Weeknd,In The Night LYRICS,2016
62,Meghan Trainor,Me Too LYRICS,2016
63,Elle King,Ex’s and Oh’s LYRICS,2016
64,Thomas Rhett,Die A Happy Man LYRICS,2016
65,Post Malone,White Iverson LYRICS,2016
66,Nick Jonas feat. Tove Lo,Close LYRICS,2016
67,X Ambassadors,Unsteady LYRICS,2016
68,"Lil Wayne, Wi",Sucker For Pain LYRICS,2016
69,Yo Gotti feat. Nicki Minaj,Down In The Dm LYRICS,2016
70,Tory Lanez,Luv LYRICS,2016
71,Beyonce,Sorry LYRICS,2016
72,Weeknd,Can’t Feel My Face LYRICS,2016
73,Coldplay,Hymn For The Weekend LYRICS,2016
74,Tory Lanez,Say It LYRICS,2016
75,Travis Scott,Antidote LYRICS,2016
76,Ruth B,Lost Boy LYRICS,2016
77,Ariana Grande feat. Nicki Minaj,Side To Side LYRICS,2016
78,Daya,"Sit Still, Look Pretty LYRICS",2016
79,Taylor Swift,Wildest Dreams LYRICS,2016
80,DJ Snake feat. Bipolar Sunshine,Middle LYRICS,2016
81,Ellie Goulding,On My Mind LYRICS,2016
82,Drake feat. The Throne,Pop Style LYRICS,2016
83,Adele,When We Were Young LYRICS,2016
84,Daya,Hide Away LYRICS,2016
85,Major Lazer and DJ Snake feat. MO,Lean On LYRICS,2016
86,Shawn Mendes and Camila Cabello,I Know What You Did Last Summer LYRICS,2016
87,"Fat Joe, Rem",All The Way Up LYRICS,2016
88,Silento,Watch Me LYRICS,2016
89,Chris Brown,Back To Sleep LYRICS,2016
90,Usher feat. Young Thug,No Limit LYRICS,2016
91,O.T. Genasis feat. Young Dolph,Cut It LYRICS,2016
92,Kevin Gates,Really Really LYRICS,2016
93,Fifth Harmony feat. Fetty Wap,All In My Head (Flex) LYRICS,2016
94,Hailee Steinfeld and Grey feat. Zedd,Starving LYRICS,2016
95,Coldplay,Adventure Of A Lifetime LYRICS,2016
96,Tim McGraw,Humble And Kind LYRICS,2016
97,Future,Wicked LYRICS,2016
98,Desiigner,Tiimmy Turner LYRICS,2016
99,Wiz Khalifa feat. Charlie Puth,See You Again LYRICS,2016
100,One Direction,Perfect LYRICS,2016
1,Ed Sheeran,Shape Of You,2017
2,Luis Fonsi & Daddy Yankee Featuring Justin Bieber,Despacito,2017
3,Bruno Mars,That’s What I Like,2017
4,Kendrick Lamar,Humble.,2017
5,The Chainsmokers & Coldplay,Something Just Like This,2017
6,Migos Featuring Lil Uzi Vert,Bad And Boujee,2017
7,The Chainsmokers Featuring Halsey,Closer,2017
8,Sam Hunt,Body Like A Back Road,2017
9,Imagine Dragons,Believer,2017
10,Post Malone Featuring Quavo,Congratulations,2017
11,James Arthur,Say You Won’t Let Go,2017
12,"DJ Khaled Featuring Justin Bieber, Quavo, Chance The Rapper & Lil Wayne",I’m The One,2017
13,Lil Uzi Vert,XO TOUR Llif3,2017
14,Future,Mask Off,2017
15,French Montana Featuring Swae Lee,Unforgettable,2017
16,Bruno Mars,24K Magic,2017
17,Zedd & Alessia Cara,Stay,2017
18,DJ Khaled Featuring Rihanna & Bryson Tiller,Wild Thoughts,2017
19,Rae Sremmurd Featuring Gucci Mane,Black Beatles,2017
20,The Weeknd Featuring Daft Punk,Starboy,2017
21,Khalid,Location,2017
22,Charlie Puth,Attention,2017
23,Shawn Mendes,There’s Nothing Holdin’ Me Back,2017
24,Cardi B,Bodak Yellow (Money Moves),2017
25,Childish Gambino,Redbone,2017
26,Zayn / Taylor Swift,I Don’t Wanna Live Forever (Fifty Shades Darker),2017
27,Kygo x Selena Gomez,It Ain’t Me,2017
28,KYLE Featuring Lil Yachty,iSpy,2017
29,Julia Michaels,Issues,2017
30,Alessia Cara,Scars To Your Beautiful,2017
31,Logic Featuring Alessia Cara & Khalid,1-800-273-8255,2017
32,Niall Horan,Slow Hands,2017
33,Rihanna,Love On The Brain,2017
34,The Weeknd Featuring Daft Punk,I Feel It Coming,2017
35,Big Sean,Bounce Back,2017
36,Liam Payne Featuring Quavo,Strip That Down,2017
37,Drake,Fake Love,2017
38,Maroon 5 Featuring Kendrick Lamar,Don’t Wanna Know,2017
39,Taylor Swift,Look What You Made Me Do,2017
40,Ed Sheeran,Castle On The Hill,2017
41,Machine Gun Kelly x Camila Cabello,Bad Things,2017
42,The Chainsmokers,Paris,2017
43,Ariana Grande Featuring Nicki Minaj,Side To Side,2017
44,Clean Bandit Featuring Sean Paul & Anne-Marie,Rockabye,2017
45,Portugal. The Man,Feel It Still,2017
46,DJ Snake Featuring Justin Bieber,Let Me Love You,2017
47,Demi Lovato,Sorry Not Sorry,2017
48,21 Savage,Bank Account,2017
49,Justin Timberlake,Can’t Stop The Feeling!,2017
50,J Balvin & Willy William Featuring Beyonce,Mi Gente,2017
51,Imagine Dragons,Thunder,2017
52,Migos,T-Shirt,2017
53,Yo Gotti Featuring Nicki Minaj,Rake It Up,2017
54,Shawn Mendes,Mercy,2017
55,Kodak Black,Tunnel Vision,2017
56,Post Malone Featuring 21 Savage,Rockstar,2017
57,Brett Young,In Case You Didn’t Know,2017
58,twenty one pilots,Heathens,2017
59,Halsey,Now Or Never,2017
60,Amine,Caroline,2017
61,Ayo & Teo,Rolex,2017
62,Kendrick Lamar,DNA.,2017
63,Zay Hilfigerrr & Zayion McCall,Juju On That Beat (TZ Anthem),2017
64,Rae Sremmurd,Swang,2017
65,Drake,Passionfruit,2017
66,Kendrick Lamar Featuring Rihanna,Loyalty.,2017
67,Kesha,Praying,2017
68,Travis Scott,Goosebumps,2017
69,Maroon 5 Featuring Future,Cold,2017
70,D.R.A.M. Featuring Lil Yachty,Broccoli,2017
71,Calvin Harris Featuring Frank Ocean & Migos,Slide,2017
72,Kane Brown Featuring Lauren Alaina,What Ifs,2017
73,Katy Perry Featuring Skip Marley,Chained To The Rhythm,2017
74,"Calvin Harris Featuring Pharrell Williams, Katy Perry & Big Sean",Feels,2017
75,Jon Bellion,All Time Low,2017
76,Luke Combs,Hurricane,2017
77,Sam Smith,Too Good At Goodbyes,2017
78,Khalid,Young Dumb & Broke,2017
79,Playboi Carti,Magnolia,2017
80,SZA Featuring Travis Scott,Love Galore,2017
81,A Boogie Wit da Hoodie Featuring Kodak Black,Drowning,2017
82,Hailee Steinfeld & Grey Featuring Zedd,Starving,2017
83,Gucci Mane Featuring Drake,Both,2017
84,P!nk,What About Us,2017
85,Jason Derulo Featuring Nicki Minaj & Ty Dolla $ign,Swalla,2017
86,Migos Featuring Gucci Mane,Slippery,2017
87,Harry Styles,Sign Of The Times,2017
88,Adele,Water Under The Bridge,2017
89,Miley Cyrus,Malibu,2017
90,Marian Hill,Down,2017
91,Cheat Codes Featuring Demi Lovato,No Promises,2017
92,Shawn Mendes,Treat You Better,2017
93,Gucci Mane Featuring Migos,I Get The Bag,2017
94,Dustin Lynch,Small Town Boy,2017
95,YFN Lucci Featuring PnB Rock,Everyday We Lit,2017
96,Camila Cabello Featuring Young Thug,Havana,2017
97,Maroon 5 Featuring SZA,What Lovers Do,2017
98,Blackbear,Do Re Mi,2017
99,XXXTentacion,Look At Me!,2017
100,Keith Urban Featuring Carrie Underwood,The Fighter,2017
1,Drake,God’s Plan,2018
2,Ed Sheeran,Perfect,2018
3,Bebe Rexha & Florida Georgia Line,Meant To Be,2018
4,Camila Cabello Featuring Young Thug,Havana,2018
5,Post Malone Featuring 21 Savage,Rockstar,2018
6,Post Malone Featuring Ty Dolla $ign,Psycho,2018
7,"Cardi B, Bad Bunny & J Balvin",I Like It,2018
8,"Zedd, Maren Morris & Grey",The Middle,2018
9,Drake,In My Feelings,2018
10,Maroon 5 Featuring Cardi B,Girls Like You,2018
11,Drake,Nice For What,2018
12,Juice WRLD,Lucid Dreams,2018
13,Post Malone,Better Now,2018
14,Bruno Mars & Cardi B,Finesse,2018
15,Ella Mai,Boo’d Up,2018
16,Dua Lipa,New Rules,2018
17,XXXTENTACION,Sad!,2018
18,Camila Cabello,Never Be The Same,2018
19,Khalid & Normani,Love Lies,2018
20,Ariana Grande,No Tears Left To Cry,2018
21,Bazzi,Mine,2018
22,Imagine Dragons,Thunder,2018
23,BlocBoy JB Featuring Drake,Look Alive,2018
24,Taylor Swift,Delicate,2018
25,Lil Baby & Drake,Yes Indeed,2018
26,Marshmello & Anne-Marie,Friends,2018
27,Halsey,Bad At Love,2018
28,Tyga Featuring Offset,Taste,2018
29,NF,Let You Down,2018
30,G-Eazy Featuring A$AP Rocky & Cardi B,No Limit,2018
31,6ix9ine Featuring Nicki Minaj & Murda Beatz,FEFE,2018
32,Dan + Shay,Tequila,2018
33,Portugal. The Man,Feel It Still,2018
34,"Migos, Nicki Minaj & Cardi B",MotorSport,2018
35,Lauv,I Like Me Better,2018
36,5 Seconds Of Summer,Youngblood,2018
37,Imagine Dragons,Whatever It Takes,2018
38,Offset & Metro Boomin,Ric Flair Drip,2018
39,Post Malone,I Fall Apart,2018
40,The Weeknd & Kendrick Lamar,Pray For Me,2018
41,Selena Gomez,Back To You,2018
42,Travis Scott,Sicko Mode,2018
43,Migos Featuring Drake,Walk It Talk It,2018
44,Lil Pump,Gucci Gang,2018
45,G-Eazy & Halsey,Him & I,2018
46,Shawn Mendes,In My Blood,2018
47,Kendrick Lamar & SZA,All The Stars,2018
48,Migos,Stir Fry,2018
49,Sam Smith,Too Good At Goodbyes,2018
50,Kendrick Lamar Featuring Zacari,Love.,2018
51,Childish Gambino,This Is America,2018
52,Drake,Nonstop,2018
53,Kane Brown,Heaven,2018
54,Cardi B,Bodak Yellow (Money Moves),2018
55,Lil Dicky Featuring Chris Brown,Freaky Friday,2018
56,6ix9ine,Gummo,2018
57,Rich The Kid,Plug Walk,2018
58,Maroon 5,Wait,2018
59,Cardi B,Be Careful,2018
60,Selena Gomez X Marshmello,Wolves,2018
61,Cardi B Featuring 21 Savage,Bartier Cardi,2018
62,Ariana Grande,God Is A Woman,2018
63,"YG Featuring 2 Chainz, Big Sean & Nicki Minaj",Big Bank,2018
64,Demi Lovato,Sorry Not Sorry,2018
65,Charlie Puth,How Long,2018
66,MAX Featuring gnash,Lights Down Low,2018
67,Khalid,Young Dumb & Broke,2018
68,Calvin Harris & Dua Lipa,One Kiss,2018
69,Imagine Dragons,Natural,2018
70,Jason Aldean,You Make It Easy,2018
71,Ed Sheeran,Shape Of You,2018
72,Gucci Mane Featuring Migos,I Get The Bag,2018
73,"DJ Khaled Featuring Justin Bieber, Chance The Rapper & Quavo",No Brainer,2018
74,A$AP Ferg Featuring Nicki Minaj,Plain Jane,2018
75,Miguel Featuring Travis Scott,Sky Walker,2018
76,Thomas Rhett,Marry Me,2018
77,"Benny Blanco, Halsey & Khalid",Eastside,2018
78,The Weeknd,Call Out My Name,2018
79,"Jay Rock, Kendrick Lamar, Future & James Blake",King’s Dead,2018
80,Marshmello & Bastille,Happier,2018
81,"Casper Magico, Nio Garcia, Darell, Nicky Jam, Ozuna & Bad Bunny",Te Bote,2018
82,Florida Georgia Line,Simple,2018
83,N*E*R*D & Rihanna,Lemon,2018
84,Logic Featuring Alessia Cara & Khalid,1-800-273-8255,2018
85,Justin Timberlake Featuring Chris Stapleton,Say Something,2018
86,Drake,I’m Upset,2018
87,Kenny Chesney,Get Along,2018
88,XXXTENTACION,Moonlight,2018
89,Maroon 5 Featuring SZA,What Lovers Do,2018
90,Nicky Jam x J Balvin,X,2018
91,YoungBoy Never Broke Again,Outside Today,2018
92,Ella Mai,Trip,2018
93,Daddy Yankee,Dura,2018
94,XXXTENTACION,Changes,2018
95,Brett Young,Mercy,2018
96,Luke Combs,One Number Away,2018
97,Rae Sremmurd & Juicy J,Powerglide,2018
98,Dua Lipa,IDGAF,2018
99,J Balvin & Willy William Featuring Beyonce,Mi Gente,2018
100,Imagine Dragons,Believer,2018
1,Lil Nas X Featuring Billy Ray Cyrus,Old Town Road,2019
2,Post Malone & Swae Lee,Sunflower (Spider-Man: Into The Spider-Verse),2019
3,Halsey,Without Me,2019
4,Billie Eilish,Bad Guy,2019
5,Post Malone,Wow.,2019
6,Marshmello & Bastille,Happier,2019
7,Ariana Grande,7 Rings,2019
8,Khalid,Talk,2019
9,Travis Scott,Sicko Mode,2019
10,Jonas Brothers,Sucker,2019
11,Panic! At The Disco,High Hopes,2019
12,Ariana Grande,"Thank U, Next",2019
13,Lizzo,Truth Hurts,2019
14,Sam Smith & Normani,Dancing With A Stranger,2019
15,16,SenoritaShawn Mendes & Camila Cabello,2019
16,Ed Sheeran & Justin Bieber,I Don’t Care,2019
17,"benny blanco, Halsey & Khalid",Eastside,2019
18,Meek Mill Featuring Drake,Going Bad,2019
19,Lady Gaga & Bradley Cooper,Shallow,2019
20,Khalid,Better,2019
21,Chris Brown Featuring Drake,No Guidance,2019
22,Maroon 5 Featuring Cardi B,Girls Like You,2019
23,Ava Max,Sweet But Psycho,2019
24,DaBaby,Suge,2019
25,J. Cole,Middle Child,2019
26,Lil Baby & Gunna,Drip Too Hard,2019
27,Lewis Capaldi,Someone You Loved,2019
28,Lil Tecca,Ran$om,2019
29,Shawn Mendes,If I Can’t Have You,2019
30,Post Malone Featuring Young Thug,Goodbyes,2019
31,Kodak Black Featuring Travis Scott & Offset,ZEZE,2019
32,Post Malone,Better Now,2019
33,5 Seconds Of Summer,Youngblood,2019
34,Drake Featuring Rick Ross,Money In The Grave,2019
35,Dan + Shay,Speechless,2019
36,Ariana Grande,"Break Up With Your Girlfriend, I’m Bored",2019
37,Cardi B & Bruno Mars,Please Me,2019
38,Cardi B,Money,2019
39,Taylor Swift,You Need To Calm Down,2019
40,Lil Nas X,Panini,2019
41,A Boogie Wit da Hoodie,Look Back At It,2019
42,21 Savage,A Lot,2019
43,Taylor Swift Featuring Brendon Urie,ME!,2019
44,Bad Bunny Featuring Drake,MIA,2019
45,Polo G Featuring Lil Tjay,Pop Out,2019
46,Luke Combs,Beautiful Crazy,2019
47,Blueface,Thotiana,2019
48,Juice WRLD,Lucid Dreams,2019
49,Sheck Wes,Mo Bamba,2019
50,Ed Sheeran Featuring Khalid,Beautiful People,2019
51,Gucci Mane X Bruno Mars X Kodak Black,Wake Up In The Sky,2019
52,53,Whiskey GlassesMorgan Wallen,2019
53,Blake Shelton,God’s Country,2019
54,Dean Lewis,Be Alright,2019
55,Mustard & Migos,Pure Water,2019
56,Blanco Brown,The Git Up,2019
57,"DJ Snake Featuring Selena Gomez, Ozuna & Cardi B",Taki Taki,2019
58,Ellie Goulding X Diplo Featuring Swae Lee,Close To Me,2019
59,Calboy,Envy Me,2019
60,Lauren Daigle,You Say,2019
61,Panic! At The Disco,"Hey Look Ma, I Made It",2019
62,Post Malone,Circles,2019
63,Luke Combs,Beer Never Broke My Heart,2019
64,"Young Thug, J. Cole & Travis Scott",The London,2019
65,Daddy Yankee & Katy Perry Featuring Snow,Con Calma,2019
66,YNW Melly,Murder On My Mind,2019
67,Billie Eilish,When The Party’s Over,2019
68,City Girls,Act Up,2019
69,"Cardi B, Bad Bunny & J Balvin",I Like It,2019
70,SHAED,Trampoline,2019
71,Flipp Dinero,Leave Me Alone,2019
72,Ariana Grande,Breathin,2019
73,Billie Eilish,Bury A Friend,2019
74,Lil Baby,Close Friends,2019
75,Pinkfong,Baby Shark,2019
76,Saweetie,My Type,2019
77,YK Osiris,Worth It,2019
78,Jonas Brothers,Only Human,2019
79,Luke Bryan,Knockin’ Boots,2019
80,Ella Mai,Trip,2019
81,Lee Brice,Rumor,2019
82,A Boogie Wit da Hoodie Featuring 6ix9ine,Swervin,2019
83,Sam Smith,How Do You Sleep?,2019
84,Lil Baby & DaBaby,Baby,2019
85,Thomas Rhett,Look What God Gave Her,2019
86,Kane Brown,Good As You,2019
87,Offset Featuring Cardi B,Clout,2019
88,Khalid & Normani,Love Lies,2019
89,Marshmello & Kane Brown,One Thing Right,2019
90,Megan Thee Stallion Featuring DaBaby,Cash Shit,2019
91,Dan + Shay,Tequila,2019
92,NLE Choppa,Shotta Flow,2019
93,"Megan Thee Stallion, Nicki Minaj & Ty Dolla $ign",Hot Girl Summer,2019
94,Florida Georgia Line,Talk You Out Of It,2019
95,Bazzi Featuring Camila Cabello,Beautiful,2019
96,Chase Rice,Eyes On You,2019
97,Dan + Shay,All To Myself,2019
98,Ariana Grande & Social House,Boyfriend,2019
99,P!nk,Walk Me Home,2019
100,Juice WRLD,Robbery,2019
